Transaction ID,Date / Reference,Type,Product ID,Model / Part No.,Quantity (+/-),Source / Destination,Reference Type,Reference No.,Customer / Supplier,User,Remarks
TX-0000001,16-11-22,IN,P-000001,AA-0404,4.0,,Import,IMPORT 16-11-22,,,Imported from STOCK 2026
TX-0000002,14-10-2019,IN,P-000002,AA-0400,12.0,,Import,IMPORT 14-10-2019,,,Imported from STOCK 2026
TX-0000003,13-08-21,IN,P-000002,AA-0400,12.0,,Import,IMPORT 13-08-21,,,Imported from STOCK 2026
TX-0000004,14-10-2019,IN,P-000003,AA-0184,6.0,,Import,IMPORT 14-10-2019,,,Imported from STOCK 2026
TX-0000005,10-6-21,IN,P-000003,AA-0184,6.0,,Import,IMPORT 10-6-21,,,Imported from STOCK 2026
TX-0000006,20-06-22,IN,P-000003,AA-0184,6.0,,Import,IMPORT 20-06-22,,,Imported from STOCK 2026
TX-0000007,16-11-22,IN,P-000004,AA-0188,4.0,,Import,IMPORT 16-11-22,,,Imported from STOCK 2026
TX-0000008,14-10-2019,IN,P-000005,AA-0450,16.0,,Import,IMPORT 14-10-2019,,,Imported from STOCK 2026
TX-0000009,10-6-21,IN,P-000005,AA-0450,6.0,,Import,IMPORT 10-6-21,,,Imported from STOCK 2026
TX-0000010,13-08-21,IN,P-000005,AA-0450,4.0,,Import,IMPORT 13-08-21,,,Imported from STOCK 2026
TX-0000011,4-9-20,IN,P-000008,AB-0888,4.0,,Import,IMPORT 4-9-20,,,Imported from STOCK 2026
TX-0000012,11-2-21,IN,P-000008,AB-0888,4.0,,Import,IMPORT 11-2-21,,,Imported from STOCK 2026
TX-0000013,APRIL 2025,IN,P-000009,AB-0878,1.0,,Import,IMPORT APRIL 2025,,,Imported from STOCK 2026
TX-0000014,APRIL 2025,IN,P-000012,AB-0819 = VT315-025G 0-,10.0,,Import,IMPORT APRIL 2025,,,Imported from STOCK 2026
TX-0000015,20-06-22,IN,P-000018,AM-5201,13.0,,Import,IMPORT 20-06-22,,,Imported from STOCK 2026
TX-0000016,16-11-22,IN,P-000024,A-122N,2.0,,Import,IMPORT 16-11-22,,,Imported from STOCK 2026
TX-0000017,14-10-2019,IN,P-000030,AG-3051 AG-3050,4.0,,Import,IMPORT 14-10-2019,,,Imported from STOCK 2026
TX-0000018,20-06-22,IN,P-000030,AG-3051 AG-3050,3.0,,Import,IMPORT 20-06-22,,,Imported from STOCK 2026
TX-0000019,23-12-23,IN,P-000030,AG-3051 AG-3050,1.0,,Import,IMPORT 23-12-23,,,Imported from STOCK 2026
TX-0000020,APRIL 2025,IN,P-000030,AG-3051 AG-3050,3.0,,Import,IMPORT APRIL 2025,,,Imported from STOCK 2026
TX-0000021,4-9-20,IN,P-000031,AG-3222,2.0,,Import,IMPORT 4-9-20,,,Imported from STOCK 2026
TX-0000022,13-08-21,IN,P-000031,AG-3222,1.0,,Import,IMPORT 13-08-21,,,Imported from STOCK 2026
TX-0000023,4-9-20,IN,P-000032,AG-3214 (AG-3206),2.0,,Import,IMPORT 4-9-20,,,Imported from STOCK 2026
TX-0000024,11-12-21,IN,P-000033,AG-3232,2.0,,Import,IMPORT 11-12-21,,,Imported from STOCK 2026
TX-0000025,16-11-22,IN,P-000033,AG-3232,2.0,,Import,IMPORT 16-11-22,,,Imported from STOCK 2026
TX-0000026,23-12-23,IN,P-000033,AG-3232,1.0,,Import,IMPORT 23-12-23,,,Imported from STOCK 2026
TX-0000027,16-11-22,IN,P-000039,AC-89*****,6.0,,Import,IMPORT 16-11-22,,,Imported from STOCK 2026
TX-0000028,16-11-22,IN,P-000040,AC-8990-06,6.0,,Import,IMPORT 16-11-22,,,Imported from STOCK 2026
TX-0000029,20-06-22,IN,P-000048,AC-8990-05,6.0,,Import,IMPORT 20-06-22,,,Imported from STOCK 2026
TX-0000030,16-11-22,IN,P-000048,AC-8990-05,4.0,,Import,IMPORT 16-11-22,,,Imported from STOCK 2026
TX-0000031,11-2-21,IN,P-000049,KLK401032BM,8.0,,Import,IMPORT 11-2-21,,,Imported from STOCK 2026
TX-0000032,11-12-21,IN,P-000049,KLK401032BM,1.0,,Import,IMPORT 11-12-21,,,Imported from STOCK 2026
TX-0000033,11-2-21,IN,P-000050,KLK401040BM,8.0,,Import,IMPORT 11-2-21,,,Imported from STOCK 2026
TX-0000034,23-12-23,IN,P-000051,KK401063BM,8.0,,Import,IMPORT 23-12-23,,,Imported from STOCK 2026
TX-0000035,MARCH-24,IN,P-000052,KLK401063BM,8.0,,Import,IMPORT MARCH-24,,,Imported from STOCK 2026
TX-0000036,JAN-25,IN,P-000052,KLK401063BM,8.0,,Import,IMPORT JAN-25,,,Imported from STOCK 2026
TX-0000037,APRIL 2025,IN,P-000056,KLK501080,6.0,,Import,IMPORT APRIL 2025,,,Imported from STOCK 2026
TX-0000038,4-9-20,IN,P-000057,KLK501100,16.0,,Import,IMPORT 4-9-20,,,Imported from STOCK 2026
TX-0000039,23-12-23,IN,P-000058,KLK501125,4.0,,Import,IMPORT 23-12-23,,,Imported from STOCK 2026
TX-0000040,14-10-2019,IN,P-000062,AF-2510,6.0,,Import,IMPORT 14-10-2019,,,Imported from STOCK 2026
TX-0000041,4-9-20,IN,P-000062,AF-2510,2.0,,Import,IMPORT 4-9-20,,,Imported from STOCK 2026
TX-0000042,11-2-21,IN,P-000062,AF-2510,1.0,,Import,IMPORT 11-2-21,,,Imported from STOCK 2026
TX-0000043,11-12-21,IN,P-000062,AF-2510,4.0,,Import,IMPORT 11-12-21,,,Imported from STOCK 2026
TX-0000044,20-06-22,IN,P-000062,AF-2510,6.0,,Import,IMPORT 20-06-22,,,Imported from STOCK 2026
TX-0000045,16-11-22,IN,P-000062,AF-2510,2.0,,Import,IMPORT 16-11-22,,,Imported from STOCK 2026
TX-0000046,APRIL 2025,IN,P-000062,AF-2510,16.0,,Import,IMPORT APRIL 2025,,,Imported from STOCK 2026
TX-0000047,16-11-22,IN,P-000063,AF-2524,1.0,,Import,IMPORT 16-11-22,,,Imported from STOCK 2026
TX-0000048,11-2-21,IN,P-000064,AF-2545,2.0,,Import,IMPORT 11-2-21,,,Imported from STOCK 2026
TX-0000049,16-11-22,IN,P-000064,AF-2545,1.0,,Import,IMPORT 16-11-22,,,Imported from STOCK 2026
TX-0000050,14-10-2019,IN,P-000067,AF-9670,4.0,,Import,IMPORT 14-10-2019,,,Imported from STOCK 2026
TX-0000051,4-9-20,IN,P-000068,AF-9620,2.0,,Import,IMPORT 4-9-20,,,Imported from STOCK 2026
TX-0000052,14-10-2019,IN,P-000069,AG-3081,4.0,,Import,IMPORT 14-10-2019,,,Imported from STOCK 2026
TX-0000053,14-10-2019,IN,P-000070,BE-5000,2.0,,Import,IMPORT 14-10-2019,,,Imported from STOCK 2026
TX-0000054,4-9-20,IN,P-000071,AF-9990-41,1.0,,Import,IMPORT 4-9-20,,,Imported from STOCK 2026
TX-0000055,13-08-21,IN,P-000071,AF-9990-41,3.0,,Import,IMPORT 13-08-21,,,Imported from STOCK 2026
TX-0000056,13-08-21,IN,P-000073,AE-1000,5.0,,Import,IMPORT 13-08-21,,,Imported from STOCK 2026
TX-0000057,13-08-21,IN,P-000077,BE-3000,5.0,,Import,IMPORT 13-08-21,,,Imported from STOCK 2026
TX-0000058,11-12-21,IN,P-000079,BE-3200,12.0,,Import,IMPORT 11-12-21,,,Imported from STOCK 2026
TX-0000059,16-11-22,IN,P-000083,BE-3940,2.0,,Import,IMPORT 16-11-22,,,Imported from STOCK 2026
TX-0000060,23-12-23,IN,P-000083,BE-3940,1.0,,Import,IMPORT 23-12-23,,,Imported from STOCK 2026
TX-0000061,11-12-21,IN,P-000086,BE-3999-09,6.0,,Import,IMPORT 11-12-21,,,Imported from STOCK 2026
TX-0000062,20-06-22,IN,P-000086,BE-3999-09,10.0,,Import,IMPORT 20-06-22,,,Imported from STOCK 2026
TX-0000063,16-11-22,IN,P-000086,BE-3999-09,4.0,,Import,IMPORT 16-11-22,,,Imported from STOCK 2026
TX-0000064,11-12-21,IN,P-000087,BE-5999-09,2.0,,Import,IMPORT 11-12-21,,,Imported from STOCK 2026
TX-0000065,20-06-22,IN,P-000088,BE-3999-10,1.0,,Import,IMPORT 20-06-22,,,Imported from STOCK 2026
TX-0000066,13-08-21,IN,P-000089,BE-3999-01 IMPORT,10.0,,Import,IMPORT 13-08-21,,,Imported from STOCK 2026
TX-0000067,13-08-21,IN,P-000090,BE-3999-06,14.0,,Import,IMPORT 13-08-21,,,Imported from STOCK 2026
TX-0000068,13-08-21,IN,P-000091,BE-3999-13,1.0,,Import,IMPORT 13-08-21,,,Imported from STOCK 2026
TX-0000069,13-08-21,IN,P-000092,BE-3999-04,4.0,,Import,IMPORT 13-08-21,,,Imported from STOCK 2026
TX-0000070,13-08-21,IN,P-000093,BE-5999-01 IMPORT,1.0,,Import,IMPORT 13-08-21,,,Imported from STOCK 2026
TX-0000071,14-10-2019,IN,P-000095,BE-4940,2.0,,Import,IMPORT 14-10-2019,,,Imported from STOCK 2026
TX-0000072,10-6-21,IN,P-000096,BE-4999-09,2.0,,Import,IMPORT 10-6-21,,,Imported from STOCK 2026
TX-0000073,10-6-21,IN,P-000097,BE-5999-09,2.0,,Import,IMPORT 10-6-21,,,Imported from STOCK 2026
TX-0000074,10-6-21,IN,P-000098,BE-6999-09,2.0,,Import,IMPORT 10-6-21,,,Imported from STOCK 2026
TX-0000075,14-10-2019,IN,P-000100,BE-6000,2.0,,Import,IMPORT 14-10-2019,,,Imported from STOCK 2026
TX-0000076,14-10-2019,IN,P-000101,BE-6020,2.0,,Import,IMPORT 14-10-2019,,,Imported from STOCK 2026
TX-0000077,14-10-2019,IN,P-000102,BE-5020,2.0,,Import,IMPORT 14-10-2019,,,Imported from STOCK 2026
TX-0000078,14-10-2019,IN,P-000106,BDE-324024 OR BDA-3240,4.0,,Import,IMPORT 14-10-2019,,,Imported from STOCK 2026
TX-0000079,13-08-21,IN,P-000106,BDE-324024 OR BDA-3240,2.0,,Import,IMPORT 13-08-21,,,Imported from STOCK 2026
TX-0000080,13-08-21,IN,P-000108,BDE-364424 OR BDA-3644,1.0,,Import,IMPORT 13-08-21,,,Imported from STOCK 2026
TX-0000081,MARCH-24,IN,P-000109,BDA-3231,6.0,,Import,IMPORT MARCH-24,,,Imported from STOCK 2026
TX-0000082,JAN-25,IN,P-000109,BDA-3231,6.0,,Import,IMPORT JAN-25,,,Imported from STOCK 2026
TX-0000083,13-08-21,IN,P-000110,BDE-324124 OR BDA-3241,2.0,,Import,IMPORT 13-08-21,,,Imported from STOCK 2026
TX-0000084,20-06-22,IN,P-000111,BDA-3644,2.0,,Import,IMPORT 20-06-22,,,Imported from STOCK 2026
TX-0000085,16-11-22,IN,P-000111,BDA-3644,2.0,,Import,IMPORT 16-11-22,,,Imported from STOCK 2026
TX-0000086,11-12-21,IN,P-000112,BDA-3996,2.0,,Import,IMPORT 11-12-21,,,Imported from STOCK 2026
TX-0000087,11-12-21,IN,P-000113,BDA-4240,1.0,,Import,IMPORT 11-12-21,,,Imported from STOCK 2026
TX-0000088,20-06-22,IN,P-000113,BDA-4240,2.0,,Import,IMPORT 20-06-22,,,Imported from STOCK 2026
TX-0000089,20-06-22,IN,P-000114,BDA-4240D,2.0,,Import,IMPORT 20-06-22,,,Imported from STOCK 2026
TX-0000090,16-11-22,IN,P-000114,BDA-4240D,3.0,,Import,IMPORT 16-11-22,,,Imported from STOCK 2026
TX-0000091,16-11-22,IN,P-000115,BDA-4844D,2.0,,Import,IMPORT 16-11-22,,,Imported from STOCK 2026
TX-0000092,23-12-23,IN,P-000116,BDA-4544,4.0,,Import,IMPORT 23-12-23,,,Imported from STOCK 2026
TX-0000093,11-12-21,IN,P-000117,BDA-4344,2.0,,Import,IMPORT 11-12-21,,,Imported from STOCK 2026
TX-0000094,23-12-23,IN,P-000117,BDA-4344,2.0,,Import,IMPORT 23-12-23,,,Imported from STOCK 2026
TX-0000095,23-12-23,IN,P-000118,BDA-4344D,2.0,,Import,IMPORT 23-12-23,,,Imported from STOCK 2026
TX-0000096,11-12-21,IN,P-000119,BDA-4644,1.0,,Import,IMPORT 11-12-21,,,Imported from STOCK 2026
TX-0000097,11-12-21,IN,P-000120,BE-3714D,1.0,,Import,IMPORT 11-12-21,,,Imported from STOCK 2026
TX-0000098,14-10-2019,IN,P-000123,OFSW-32,6.0,,Import,IMPORT 14-10-2019,,,Imported from STOCK 2026
TX-0000099,11-12-21,IN,P-000123,OFSW-32,2.0,,Import,IMPORT 11-12-21,,,Imported from STOCK 2026
TX-0000100,14-10-2019,IN,P-000124,BF-4061,1.0,,Import,IMPORT 14-10-2019,,,Imported from STOCK 2026
TX-0000101,14-10-2019,IN,P-000125,EL22SF900-02,6.0,,Import,IMPORT 14-10-2019,,,Imported from STOCK 2026
TX-0000102,13-08-21,IN,P-000127,BF-1068,6.0,,Import,IMPORT 13-08-21,,,Imported from STOCK 2026
TX-0000103,APRIL 2025,IN,P-000127,BF-1068,4.0,,Import,IMPORT APRIL 2025,,,Imported from STOCK 2026
TX-0000104,13-08-21,IN,P-000128,BF-1072,18.0,,Import,IMPORT 13-08-21,,,Imported from STOCK 2026
TX-0000105,11-12-21,IN,P-000128,BF-1072,16.0,,Import,IMPORT 11-12-21,,,Imported from STOCK 2026
TX-0000106,13-08-21,IN,P-000129,BF-1070,4.0,,Import,IMPORT 13-08-21,,,Imported from STOCK 2026
TX-0000107,13-08-21,IN,P-000130,BF-1085,4.0,,Import,IMPORT 13-08-21,,,Imported from STOCK 2026
TX-0000108,4-9-20,IN,P-000134,EL22SF900-06,2.0,,Import,IMPORT 4-9-20,,,Imported from STOCK 2026
TX-0000109,10-6-21,IN,P-000135,AM-5150,2.0,,Import,IMPORT 10-6-21,,,Imported from STOCK 2026
TX-0000110,4-9-20,IN,P-000138,KLR131080100,64.0,,Import,IMPORT 4-9-20,,,Imported from STOCK 2026
TX-0000111,23-12-23,IN,P-000139,KLR131063,12.0,,Import,IMPORT 23-12-23,,,Imported from STOCK 2026
TX-0000112,10-6-21,IN,P-000140,`,1.0,,Import,IMPORT 10-6-21,,,Imported from STOCK 2026
TX-0000113,13-08-21,IN,P-000140,`,5.0,,Import,IMPORT 13-08-21,,,Imported from STOCK 2026
TX-0000114,16-11-22,IN,P-000140,`,5.0,,Import,IMPORT 16-11-22,,,Imported from STOCK 2026
TX-0000115,16-11-22,IN,P-000141,GP-6310,6.0,,Import,IMPORT 16-11-22,,,Imported from STOCK 2026
TX-0000116,20-06-22,IN,P-000142,CM-600,6.0,,Import,IMPORT 20-06-22,,,Imported from STOCK 2026
TX-0000117,23-12-23,IN,P-000142,CM-600,12.0,,Import,IMPORT 23-12-23,,,Imported from STOCK 2026
TX-0000118,23-12-23,IN,P-000144,G-6250,16.0,,Import,IMPORT 23-12-23,,,Imported from STOCK 2026
TX-0000119,10-6-21,IN,P-000153,GP-6400-1,6.0,,Import,IMPORT 10-6-21,,,Imported from STOCK 2026
TX-0000120,10-6-21,IN,P-000154,GP-6400-2,6.0,,Import,IMPORT 10-6-21,,,Imported from STOCK 2026
TX-0000121,10-6-21,IN,P-000155,GP-6400-5,2.0,,Import,IMPORT 10-6-21,,,Imported from STOCK 2026
TX-0000122,23-12-23,IN,P-000156,G-6990-01,1.0,,Import,IMPORT 23-12-23,,,Imported from STOCK 2026
TX-0000123,14-10-2019,IN,P-000158,AM-5000A,14.0,,Import,IMPORT 14-10-2019,,,Imported from STOCK 2026
TX-0000124,20-06-22,IN,P-000159,CM-9413A,4.0,,Import,IMPORT 20-06-22,,,Imported from STOCK 2026
TX-0000125,23-12-23,IN,P-000159,CM-9413A,6.0,,Import,IMPORT 23-12-23,,,Imported from STOCK 2026
TX-0000126,13-08-21,IN,P-000161,CM-9602A,3.0,,Import,IMPORT 13-08-21,,,Imported from STOCK 2026
TX-0000127,16-11-22,IN,P-000161,CM-9602A,10.0,,Import,IMPORT 16-11-22,,,Imported from STOCK 2026
TX-0000128,20-06-22,IN,P-000164,CM-9680,2.0,,Import,IMPORT 20-06-22,,,Imported from STOCK 2026
TX-0000129,11-2-21,IN,P-000165,CM-9585,1.0,,Import,IMPORT 11-2-21,,,Imported from STOCK 2026
TX-0000130,20-06-22,IN,P-000171,CM-9500,4.0,,Import,IMPORT 20-06-22,,,Imported from STOCK 2026
TX-0000131,13-08-21,IN,P-000174,CM-430,2.0,,Import,IMPORT 13-08-21,,,Imported from STOCK 2026
TX-0000132,14-10-2019,IN,P-000176,EL22F250,6.0,,Import,IMPORT 14-10-2019,,,Imported from STOCK 2026
TX-0000133,13-08-21,IN,P-000176,EL22F250,3.0,,Import,IMPORT 13-08-21,,,Imported from STOCK 2026
TX-0000134,16-11-22,IN,P-000176,EL22F250,20.0,,Import,IMPORT 16-11-22,,,Imported from STOCK 2026
TX-0000135,16-11-22,IN,P-000179,EL22986,1.0,,Import,IMPORT 16-11-22,,,Imported from STOCK 2026
TX-0000136,16-11-22,IN,P-000180,EL22988,1.0,,Import,IMPORT 16-11-22,,,Imported from STOCK 2026
TX-0000137,20-06-22,IN,P-000181,EL22F355,2.0,,Import,IMPORT 20-06-22,,,Imported from STOCK 2026
TX-0000138,23-12-23,IN,P-000181,EL22F355,2.0,,Import,IMPORT 23-12-23,,,Imported from STOCK 2026
TX-0000139,14-10-2019,IN,P-000182,CL-9300,2.0,,Import,IMPORT 14-10-2019,,,Imported from STOCK 2026
TX-0000140,11-2-21,IN,P-000182,CL-9300,2.0,,Import,IMPORT 11-2-21,,,Imported from STOCK 2026
TX-0000141,16-11-22,IN,P-000182,CL-9300,6.0,,Import,IMPORT 16-11-22,,,Imported from STOCK 2026
TX-0000142,16-11-22,IN,P-000183,CL-9303A,2.0,,Import,IMPORT 16-11-22,,,Imported from STOCK 2026
TX-0000143,11-2-21,IN,P-000186,CM-9420,1.0,,Import,IMPORT 11-2-21,,,Imported from STOCK 2026
TX-0000144,11-2-21,IN,P-000187,CM-9590,3.0,,Import,IMPORT 11-2-21,,,Imported from STOCK 2026
TX-0000145,13-08-21,IN,P-000187,CM-9590,2.0,,Import,IMPORT 13-08-21,,,Imported from STOCK 2026
TX-0000146,4-9-20,IN,P-000189,CM-413A,1.0,,Import,IMPORT 4-9-20,,,Imported from STOCK 2026
TX-0000147,11-2-21,IN,P-000189,CM-413A,6.0,,Import,IMPORT 11-2-21,,,Imported from STOCK 2026
TX-0000148,4-9-20,IN,P-000199,E-0220 (E-0270),2.0,,Import,IMPORT 4-9-20,,,Imported from STOCK 2026
TX-0000149,16-11-22,IN,P-000199,E-0220 (E-0270),6.0,,Import,IMPORT 16-11-22,,,Imported from STOCK 2026
TX-0000150,23-12-23,IN,P-000199,E-0220 (E-0270),20.0,,Import,IMPORT 23-12-23,,,Imported from STOCK 2026
TX-0000151,4-9-20,IN,P-000200,EL18F255,4.0,,Import,IMPORT 4-9-20,,,Imported from STOCK 2026
TX-0000152,11-2-21,IN,P-000202,AI-3526,6.0,,Import,IMPORT 11-2-21,,,Imported from STOCK 2026
TX-0000153,14-10-2019,IN,P-000203,AI-3513,10.0,,Import,IMPORT 14-10-2019,,,Imported from STOCK 2026
TX-0000154,10-6-21,IN,P-000204,AI-3511Q,2.0,,Import,IMPORT 10-6-21,,,Imported from STOCK 2026
TX-0000155,10-6-21,IN,P-000205,AI-3610,2.0,,Import,IMPORT 10-6-21,,,Imported from STOCK 2026
TX-0000156,23-12-23,IN,P-000206,AI-3570,4.0,,Import,IMPORT 23-12-23,,,Imported from STOCK 2026
TX-0000157,10-6-21,IN,P-000207,AI-9400,2.0,,Import,IMPORT 10-6-21,,,Imported from STOCK 2026
TX-0000158,11-12-21,IN,P-000207,AI-9400,2.0,,Import,IMPORT 11-12-21,,,Imported from STOCK 2026
TX-0000159,13-08-21,IN,P-000208,AC-8990-05,1.0,,Import,IMPORT 13-08-21,,,Imported from STOCK 2026
TX-0000160,13-08-21,IN,P-000209,AC-8990-09,2.0,,Import,IMPORT 13-08-21,,,Imported from STOCK 2026
TX-0000161,13-08-21,IN,P-000211,DA-0124,6.0,,Import,IMPORT 13-08-21,,,Imported from STOCK 2026
TX-0000162,11-12-21,IN,P-000211,DA-0124,16.0,,Import,IMPORT 11-12-21,,,Imported from STOCK 2026
TX-0000163,20-06-22,IN,P-000211,DA-0124,36.0,,Import,IMPORT 20-06-22,,,Imported from STOCK 2026
TX-0000164,4-9-20,IN,P-000213,DA-0051,40.0,,Import,IMPORT 4-9-20,,,Imported from STOCK 2026
TX-0000165,10-6-21,IN,P-000213,DA-0051,24.0,,Import,IMPORT 10-6-21,,,Imported from STOCK 2026
TX-0000166,13-08-21,IN,P-000213,DA-0051,26.0,,Import,IMPORT 13-08-21,,,Imported from STOCK 2026
TX-0000167,20-06-22,IN,P-000213,DA-0051,34.0,,Import,IMPORT 20-06-22,,,Imported from STOCK 2026
TX-0000168,APRIL 2025,IN,P-000213,DA-0051,54.0,,Import,IMPORT APRIL 2025,,,Imported from STOCK 2026
TX-0000169,14-10-2019,IN,P-000214,LBV05024CU ODE,2.0,,Import,IMPORT 14-10-2019,,,Imported from STOCK 2026
TX-0000170,14-10-2019,IN,P-000215,110VAC CHINA,10.0,,Import,IMPORT 14-10-2019,,,Imported from STOCK 2026
TX-0000171,4-9-20,IN,P-000218,DA-0108,10.0,,Import,IMPORT 4-9-20,,,Imported from STOCK 2026
TX-0000172,13-08-21,IN,P-000218,DA-0108,18.0,,Import,IMPORT 13-08-21,,,Imported from STOCK 2026
TX-0000173,16-11-22,IN,P-000218,DA-0108,3.0,,Import,IMPORT 16-11-22,,,Imported from STOCK 2026
TX-0000174,APRIL 2025,IN,P-000218,DA-0108,12.0,,Import,IMPORT APRIL 2025,,,Imported from STOCK 2026
TX-0000175,13-08-21,IN,P-000221,DB-0502,13.0,,Import,IMPORT 13-08-21,,,Imported from STOCK 2026
TX-0000176,23-12-23,IN,P-000221,DB-0502,10.0,,Import,IMPORT 23-12-23,,,Imported from STOCK 2026
TX-0000177,MARCH-24,IN,P-000221,DB-0502,10.0,,Import,IMPORT MARCH-24,,,Imported from STOCK 2026
TX-0000178,JAN-25,IN,P-000221,DB-0502,10.0,,Import,IMPORT JAN-25,,,Imported from STOCK 2026
TX-0000179,14-10-2019,IN,P-000222,DB-0507,10.0,,Import,IMPORT 14-10-2019,,,Imported from STOCK 2026
TX-0000180,23-12-23,IN,P-000222,DB-0507,6.0,,Import,IMPORT 23-12-23,,,Imported from STOCK 2026
TX-0000181,23-12-23,IN,P-000224,DB-0509,8.0,,Import,IMPORT 23-12-23,,,Imported from STOCK 2026
TX-0000182,13-08-21,IN,P-000225,DL-0124,7.0,,Import,IMPORT 13-08-21,,,Imported from STOCK 2026
TX-0000183,16-11-22,IN,P-000225,DL-0124,10.0,,Import,IMPORT 16-11-22,,,Imported from STOCK 2026
TX-0000184,16-11-22,IN,P-000226,DL-0051,28.0,,Import,IMPORT 16-11-22,,,Imported from STOCK 2026
TX-0000185,23-12-23,IN,P-000226,DL-0051,10.0,,Import,IMPORT 23-12-23,,,Imported from STOCK 2026
TX-0000186,16-11-22,IN,P-000227,DL-0106,10.0,,Import,IMPORT 16-11-22,,,Imported from STOCK 2026
TX-0000187,23-12-23,IN,P-000227,DL-0106,4.0,,Import,IMPORT 23-12-23,,,Imported from STOCK 2026
TX-0000188,14-10-2019,IN,P-000228,DL-0108,10.0,,Import,IMPORT 14-10-2019,,,Imported from STOCK 2026
TX-0000189,16-11-22,IN,P-000228,DL-0108,5.0,,Import,IMPORT 16-11-22,,,Imported from STOCK 2026
TX-0000190,14-10-2019,IN,P-000229,DD-051,22.0,,Import,IMPORT 14-10-2019,,,Imported from STOCK 2026
TX-0000191,16-11-22,IN,P-000229,DD-051,24.0,,Import,IMPORT 16-11-22,,,Imported from STOCK 2026
TX-0000192,23-12-23,IN,P-000229,DD-051,10.0,,Import,IMPORT 23-12-23,,,Imported from STOCK 2026
TX-0000193,11-2-21,IN,P-000230,DD-060,6.0,,Import,IMPORT 11-2-21,,,Imported from STOCK 2026
TX-0000194,23-12-23,IN,P-000230,DD-060,30.0,,Import,IMPORT 23-12-23,,,Imported from STOCK 2026
TX-0000195,10-6-21,IN,P-000231,DD-040,4.0,,Import,IMPORT 10-6-21,,,Imported from STOCK 2026
TX-0000196,16-11-22,IN,P-000231,DD-040,6.0,,Import,IMPORT 16-11-22,,,Imported from STOCK 2026
TX-0000197,23-12-23,IN,P-000231,DD-040,15.0,,Import,IMPORT 23-12-23,,,Imported from STOCK 2026
TX-0000198,APRIL 2025,IN,P-000231,DD-040,5.0,,Import,IMPORT APRIL 2025,,,Imported from STOCK 2026
TX-0000199,MARCH-24,IN,P-000232,AC-7500,2.0,,Import,IMPORT MARCH-24,,,Imported from STOCK 2026
TX-0000200,JAN-25,IN,P-000232,AC-7500,2.0,,Import,IMPORT JAN-25,,,Imported from STOCK 2026
TX-0000201,16-11-22,IN,P-000234,AC-8520,5.0,,Import,IMPORT 16-11-22,,,Imported from STOCK 2026
TX-0000202,20-06-22,IN,P-000236,AC-8740,2.0,,Import,IMPORT 20-06-22,,,Imported from STOCK 2026
TX-0000203,4-9-20,IN,P-000237,AC-N8500,2.0,,Import,IMPORT 4-9-20,,,Imported from STOCK 2026
TX-0000204,11-2-21,IN,P-000237,AC-N8500,12.0,,Import,IMPORT 11-2-21,,,Imported from STOCK 2026
TX-0000205,10-6-21,IN,P-000237,AC-N8500,6.0,,Import,IMPORT 10-6-21,,,Imported from STOCK 2026
TX-0000206,20-06-22,IN,P-000237,AC-N8500,2.0,,Import,IMPORT 20-06-22,,,Imported from STOCK 2026
TX-0000207,MARCH-24,IN,P-000237,AC-N8500,3.0,,Import,IMPORT MARCH-24,,,Imported from STOCK 2026
TX-0000208,JAN-25,IN,P-000237,AC-N8500,3.0,,Import,IMPORT JAN-25,,,Imported from STOCK 2026
TX-0000209,4-9-20,IN,P-000240,AC-8500,2.0,,Import,IMPORT 4-9-20,,,Imported from STOCK 2026
TX-0000210,11-2-21,IN,P-000240,AC-8500,10.0,,Import,IMPORT 11-2-21,,,Imported from STOCK 2026
TX-0000211,13-08-21,IN,P-000240,AC-8500,4.0,,Import,IMPORT 13-08-21,,,Imported from STOCK 2026
TX-0000212,20-06-22,IN,P-000240,AC-8500,4.0,,Import,IMPORT 20-06-22,,,Imported from STOCK 2026
TX-0000213,16-11-22,IN,P-000240,AC-8500,12.0,,Import,IMPORT 16-11-22,,,Imported from STOCK 2026
TX-0000214,APRIL 2025,IN,P-000240,AC-8500,10.0,,Import,IMPORT APRIL 2025,,,Imported from STOCK 2026
TX-0000215,4-9-20,IN,P-000241,AC-N8520,8.0,,Import,IMPORT 4-9-20,,,Imported from STOCK 2026
TX-0000216,11-2-21,IN,P-000241,AC-N8520,8.0,,Import,IMPORT 11-2-21,,,Imported from STOCK 2026
TX-0000217,APRIL 2025,IN,P-000241,AC-N8520,6.0,,Import,IMPORT APRIL 2025,,,Imported from STOCK 2026
TX-0000218,14-10-2019,IN,P-000243,KLK402063BM,5.0,,Import,IMPORT 14-10-2019,,,Imported from STOCK 2026
TX-0000219,4-9-20,IN,P-000243,KLK402063BM,2.0,,Import,IMPORT 4-9-20,,,Imported from STOCK 2026
TX-0000220,11-2-21,IN,P-000244,KLK401050BM,5.0,,Import,IMPORT 11-2-21,,,Imported from STOCK 2026
TX-0000221,14-10-2019,IN,P-000245,KLK401080BM,2.0,,Import,IMPORT 14-10-2019,,,Imported from STOCK 2026
TX-0000222,14-10-2019,IN,P-000247,KL2001250320,1.0,,Import,IMPORT 14-10-2019,,,Imported from STOCK 2026
TX-0000223,14-10-2019,IN,P-000248,KL2001250100,1.0,,Import,IMPORT 14-10-2019,,,Imported from STOCK 2026
TX-0000224,20-06-22,IN,P-000259,CL-9103A,6.0,,Import,IMPORT 20-06-22,,,Imported from STOCK 2026
TX-0000225,23-12-23,IN,P-000259,CL-9103A,4.0,,Import,IMPORT 23-12-23,,,Imported from STOCK 2026
TX-0000226,20-06-22,IN,P-000260,CL-9301,1.0,,Import,IMPORT 20-06-22,,,Imported from STOCK 2026
TX-0000227,14-10-2019,IN,P-000273,HZRP3008GC,4.0,,Import,IMPORT 14-10-2019,,,Imported from STOCK 2026
TX-0000228,11-2-21,IN,P-000273,HZRP3008GC,3.0,,Import,IMPORT 11-2-21,,,Imported from STOCK 2026
TX-0000229,14-10-2019,IN,P-000274,HZRM08G,12.0,,Import,IMPORT 14-10-2019,,,Imported from STOCK 2026
TX-0000230,11-2-21,IN,P-000275,HZRS08G,24.0,,Import,IMPORT 11-2-21,,,Imported from STOCK 2026
TX-0000231,16-11-22,IN,P-000275,HZRS08G,2.0,,Import,IMPORT 16-11-22,,,Imported from STOCK 2026
TX-0000232,23-12-23,IN,P-000275,HZRS08G,8.0,,Import,IMPORT 23-12-23,,,Imported from STOCK 2026
TX-0000233,16-11-22,IN,P-000276,RPG01032,5.0,,Import,IMPORT 16-11-22,,,Imported from STOCK 2026
TX-0000234,MARCH-24,IN,P-000276,RPG01032,1.0,,Import,IMPORT MARCH-24,,,Imported from STOCK 2026
TX-0000235,JAN-25,IN,P-000276,RPG01032,1.0,,Import,IMPORT JAN-25,,,Imported from STOCK 2026
TX-0000236,13-08-21,IN,P-000277,HZE7Z400,2.0,,Import,IMPORT 13-08-21,,,Imported from STOCK 2026
TX-0000237,16-11-22,IN,P-000279,HZE1R15GM,4.0,,Import,IMPORT 16-11-22,,,Imported from STOCK 2026
TX-0000238,APRIL 2025,IN,P-000279,HZE1R15GM,1.0,,Import,IMPORT APRIL 2025,,,Imported from STOCK 2026
TX-0000239,4-9-20,IN,P-000281,HZE2R15GM,2.0,,Import,IMPORT 4-9-20,,,Imported from STOCK 2026
TX-0000240,14-10-2019,IN,P-000284,HZE0R08GM,6.0,,Import,IMPORT 14-10-2019,,,Imported from STOCK 2026
TX-0000241,11-2-21,IN,P-000284,HZE0R08GM,20.0,,Import,IMPORT 11-2-21,,,Imported from STOCK 2026
TX-0000242,16-11-22,IN,P-000284,HZE0R08GM,10.0,,Import,IMPORT 16-11-22,,,Imported from STOCK 2026
TX-0000243,23-12-23,IN,P-000284,HZE0R08GM,10.0,,Import,IMPORT 23-12-23,,,Imported from STOCK 2026
TX-0000244,JAN-25,IN,P-000284,HZE0R08GM,13.0,,Import,IMPORT JAN-25,,,Imported from STOCK 2026
TX-0000245,APRIL 2025,IN,P-000284,HZE0R08GM,40.0,,Import,IMPORT APRIL 2025,,,Imported from STOCK 2026
TX-0000246,JAN-25,IN,P-000285,HZE05R08GM,23.0,,Import,IMPORT JAN-25,,,Imported from STOCK 2026
TX-0000247,APRIL 2025,IN,P-000285,HZE05R08GM,10.0,,Import,IMPORT APRIL 2025,,,Imported from STOCK 2026
TX-0000248,16-11-22,IN,P-000292,HZE1F15G,4.0,,Import,IMPORT 16-11-22,,,Imported from STOCK 2026
TX-0000249,16-11-22,IN,P-000295,HZE2Z500,4.0,,Import,IMPORT 16-11-22,,,Imported from STOCK 2026
TX-0000250,11-2-21,IN,P-000299,HZE2Z501,12.0,,Import,IMPORT 11-2-21,,,Imported from STOCK 2026
TX-0000251,13-08-21,IN,P-000299,HZE2Z501,3.0,,Import,IMPORT 13-08-21,,,Imported from STOCK 2026
TX-0000252,APRIL 2025,IN,P-000299,HZE2Z501,4.0,,Import,IMPORT APRIL 2025,,,Imported from STOCK 2026
TX-0000253,11-2-21,IN,P-000301,HZE3Z600SA,3.0,,Import,IMPORT 11-2-21,,,Imported from STOCK 2026
TX-0000254,14-10-2019,IN,P-000304,HZE2Z210,10.0,,Import,IMPORT 14-10-2019,,,Imported from STOCK 2026
TX-0000255,14-10-2019,IN,P-000305,HZE0Z210,10.0,,Import,IMPORT 14-10-2019,,,Imported from STOCK 2026
TX-0000256,14-10-2019,IN,P-000306,DF-220,60.0,,Import,IMPORT 14-10-2019,,,Imported from STOCK 2026
TX-0000257,14-10-2019,IN,P-000307,HZ9P631014,20.0,,Import,IMPORT 14-10-2019,,,Imported from STOCK 2026
TX-0000258,4-9-20,IN,P-000307,HZ9P631014,6.0,,Import,IMPORT 4-9-20,,,Imported from STOCK 2026
TX-0000259,4-9-20,IN,P-000308,DH-200,10.0,,Import,IMPORT 4-9-20,,,Imported from STOCK 2026
TX-0000260,MARCH-24,IN,P-000309,HZ9PB631014,6.0,,Import,IMPORT MARCH-24,,,Imported from STOCK 2026
TX-0000261,JAN-25,IN,P-000309,HZ9PB631014,6.0,,Import,IMPORT JAN-25,,,Imported from STOCK 2026
TX-0000262,JAN-25,IN,P-000327,HC020814,24.0,,Import,IMPORT JAN-25,,,Imported from STOCK 2026
TX-0000263,APRIL 2025,IN,P-000327,HC020814,72.0,,Import,IMPORT APRIL 2025,,,Imported from STOCK 2026
TX-0000264,APRIL 2025,IN,P-000328,HC020838,48.0,,Import,IMPORT APRIL 2025,,,Imported from STOCK 2026
TX-0000265,JAN-25,IN,P-000330,HC010838,30.0,,Import,IMPORT JAN-25,,,Imported from STOCK 2026
TX-0000266,16-11-22,IN,P-000332,HZE0B08GSM,4.0,,Import,IMPORT 16-11-22,,,Imported from STOCK 2026
TX-0000267,4-9-20,IN,P-000333,HZ9N12111080,3.0,,Import,IMPORT 4-9-20,,,Imported from STOCK 2026
TX-0000268,4-9-20,IN,P-000334,HZE2Z602,1.0,,Import,IMPORT 4-9-20,,,Imported from STOCK 2026
TX-0000269,11-2-21,IN,P-000340,HZE0Z310,12.0,,Import,IMPORT 11-2-21,,,Imported from STOCK 2026
TX-0000270,APRIL 2025,IN,P-000343,HZ9P401218,14.0,,Import,IMPORT APRIL 2025,,,Imported from STOCK 2026
TX-0000271,16-11-22,IN,P-000344,HZE0D08GM,7.0,,Import,IMPORT 16-11-22,,,Imported from STOCK 2026
TX-0000272,23-12-23,IN,P-000344,HZE0D08GM,28.0,,Import,IMPORT 23-12-23,,,Imported from STOCK 2026
TX-0000273,14-10-2019,IN,P-000345,HZE0B08GM,24.0,,Import,IMPORT 14-10-2019,,,Imported from STOCK 2026
TX-0000274,4-9-20,IN,P-000345,HZE0B08GM,22.0,,Import,IMPORT 4-9-20,,,Imported from STOCK 2026
TX-0000275,14-10-2019,IN,P-000346,HZE0L08GM,24.0,,Import,IMPORT 14-10-2019,,,Imported from STOCK 2026
TX-0000276,4-9-20,IN,P-000346,HZE0L08GM,15.0,,Import,IMPORT 4-9-20,,,Imported from STOCK 2026
TX-0000277,14-10-2019,IN,P-000347,HZE3L25G,2.0,,Import,IMPORT 14-10-2019,,,Imported from STOCK 2026
TX-0000278,14-10-2019,IN,P-000348,HZE3F25GS,3.0,,Import,IMPORT 14-10-2019,,,Imported from STOCK 2026
TX-0000279,14-10-2019,IN,P-000349,HZE3R25GM,3.0,,Import,IMPORT 14-10-2019,,,Imported from STOCK 2026
TX-0000280,13-08-21,IN,P-000349,HZE3R25GM,3.0,,Import,IMPORT 13-08-21,,,Imported from STOCK 2026
TX-0000281,4-9-20,IN,P-000350,HZE1D15GM,10.0,,Import,IMPORT 4-9-20,,,Imported from STOCK 2026
TX-0000282,13-08-21,IN,P-000350,HZE1D15GM,18.0,,Import,IMPORT 13-08-21,,,Imported from STOCK 2026
TX-0000283,23-12-23,IN,P-000350,HZE1D15GM,8.0,,Import,IMPORT 23-12-23,,,Imported from STOCK 2026
TX-0000284,APRIL 2025,IN,P-000350,HZE1D15GM,4.0,,Import,IMPORT APRIL 2025,,,Imported from STOCK 2026
TX-0000285,13-08-21,IN,P-000351,HZE1B15GM,6.0,,Import,IMPORT 13-08-21,,,Imported from STOCK 2026
TX-0000286,16-11-22,IN,P-000351,HZE1B15GM,4.0,,Import,IMPORT 16-11-22,,,Imported from STOCK 2026
TX-0000287,13-08-21,IN,P-000354,HZE1Y15G,1.0,,Import,IMPORT 13-08-21,,,Imported from STOCK 2026
TX-0000288,14-10-2019,IN,P-000356,HZE1L15G,8.0,,Import,IMPORT 14-10-2019,,,Imported from STOCK 2026
TX-0000289,4-9-20,IN,P-000357,HZE2D15GM,6.0,,Import,IMPORT 4-9-20,,,Imported from STOCK 2026
TX-0000290,APRIL 2025,IN,P-000357,HZE2D15GM,3.0,,Import,IMPORT APRIL 2025,,,Imported from STOCK 2026
TX-0000291,4-9-20,IN,P-000358,HZE2G15GAB,2.0,,Import,IMPORT 4-9-20,,,Imported from STOCK 2026
TX-0000292,4-9-20,IN,P-000359,HZE2G15GAC,2.0,,Import,IMPORT 4-9-20,,,Imported from STOCK 2026
TX-0000293,11-2-21,IN,P-000361,KL2000320080M,8.0,,Import,IMPORT 11-2-21,,,Imported from STOCK 2026
TX-0000294,APRIL 2025,IN,P-000370,KL2000630200M,1.0,,Import,IMPORT APRIL 2025,,,Imported from STOCK 2026
TX-0000295,APRIL 2025,IN,P-000375,KL2000320050M,6.0,,Import,IMPORT APRIL 2025,,,Imported from STOCK 2026
TX-0000296,10-6-21,IN,P-000379,AM-5150,2.0,,Import,IMPORT 10-6-21,,,Imported from STOCK 2026
TX-0000297,11-2-21,IN,P-000380,AM-5211A,50.0,,Import,IMPORT 11-2-21,,,Imported from STOCK 2026
TX-0000298,10-6-21,IN,P-000380,AM-5211A,30.0,,Import,IMPORT 10-6-21,,,Imported from STOCK 2026
TX-0000299,13-08-21,IN,P-000380,AM-5211A,50.0,,Import,IMPORT 13-08-21,,,Imported from STOCK 2026
TX-0000300,20-06-22,IN,P-000380,AM-5211A,100.0,,Import,IMPORT 20-06-22,,,Imported from STOCK 2026
TX-0000301,16-11-22,IN,P-000380,AM-5211A,100.0,,Import,IMPORT 16-11-22,,,Imported from STOCK 2026
TX-0000302,13-08-21,IN,P-000381,AM-5214,30.0,,Import,IMPORT 13-08-21,,,Imported from STOCK 2026
TX-0000303,13-08-21,IN,P-000382,AM-5212A,30.0,,Import,IMPORT 13-08-21,,,Imported from STOCK 2026
TX-0000304,10-6-21,IN,P-000383,AM-5163= T65C1800,5.0,,Import,IMPORT 10-6-21,,,Imported from STOCK 2026
TX-0000305,13-08-21,IN,P-000383,AM-5163= T65C1800,2.0,,Import,IMPORT 13-08-21,,,Imported from STOCK 2026
TX-0000306,23-12-23,IN,P-000383,AM-5163= T65C1800,3.0,,Import,IMPORT 23-12-23,,,Imported from STOCK 2026
TX-0000307,23-12-23,IN,P-000384,AM-5164,4.0,,Import,IMPORT 23-12-23,,,Imported from STOCK 2026
TX-0000308,16-11-22,IN,P-000387,M1600250010M,3.0,,Import,IMPORT 16-11-22,,,Imported from STOCK 2026
TX-0000309,4-9-20,IN,P-000388,M1000250040M,4.0,,Import,IMPORT 4-9-20,,,Imported from STOCK 2026
TX-0000310,10-6-21,IN,P-000388,M1000250040M,2.0,,Import,IMPORT 10-6-21,,,Imported from STOCK 2026
TX-0000311,16-11-22,IN,P-000388,M1000250040M,2.0,,Import,IMPORT 16-11-22,,,Imported from STOCK 2026
TX-0000312,23-12-23,IN,P-000388,M1000250040M,4.0,,Import,IMPORT 23-12-23,,,Imported from STOCK 2026
TX-0000313,APRIL 2025,IN,P-000388,M1000250040M,14.0,,Import,IMPORT APRIL 2025,,,Imported from STOCK 2026
TX-0000314,11-2-21,IN,P-000390,M1000250025M,6.0,,Import,IMPORT 11-2-21,,,Imported from STOCK 2026
TX-0000315,16-11-22,IN,P-000391,M1000250050M,2.0,,Import,IMPORT 16-11-22,,,Imported from STOCK 2026
TX-0000316,4-9-20,IN,P-000394,M1000250100M,4.0,,Import,IMPORT 4-9-20,,,Imported from STOCK 2026
TX-0000317,10-6-21,IN,P-000394,M1000250100M,6.0,,Import,IMPORT 10-6-21,,,Imported from STOCK 2026
TX-0000318,16-11-22,IN,P-000394,M1000250100M,1.0,,Import,IMPORT 16-11-22,,,Imported from STOCK 2026
TX-0000319,20-06-22,IN,P-000401,RS4000320050,6.0,,Import,IMPORT 20-06-22,,,Imported from STOCK 2026
TX-0000320,APRIL 2025,IN,P-000401,RS4000320050,1.0,,Import,IMPORT APRIL 2025,,,Imported from STOCK 2026
TX-0000321,11-2-21,IN,P-000402,RT2200320300I,2.0,,Import,IMPORT 11-2-21,,,Imported from STOCK 2026
TX-0000322,13-08-21,IN,P-000402,RT2200320300I,3.0,,Import,IMPORT 13-08-21,,,Imported from STOCK 2026
TX-0000323,20-06-22,IN,P-000402,RT2200320300I,3.0,,Import,IMPORT 20-06-22,,,Imported from STOCK 2026
TX-0000324,20-06-22,IN,P-000403,S1004160090M= SS0160007SM,6.0,,Import,IMPORT 20-06-22,,,Imported from STOCK 2026
TX-0000325,11-2-21,IN,P-000405,SS0160007SM,1.0,,Import,IMPORT 11-2-21,,,Imported from STOCK 2026
TX-0000326,10-6-21,IN,P-000405,SS0160007SM,3.0,,Import,IMPORT 10-6-21,,,Imported from STOCK 2026
TX-0000327,23-12-23,IN,P-000405,SS0160007SM,1.0,,Import,IMPORT 23-12-23,,,Imported from STOCK 2026
TX-0000328,13-08-21,IN,P-000407,CP-315,1.0,,Import,IMPORT 13-08-21,,,Imported from STOCK 2026
TX-0000329,4-9-20,IN,P-000408,CP-101,12.0,,Import,IMPORT 4-9-20,,,Imported from STOCK 2026
TX-0000330,4-9-20,IN,P-000409,CP-105,6.0,,Import,IMPORT 4-9-20,,,Imported from STOCK 2026
TX-0000331,23-12-23,IN,P-000410,CP-125,2.0,,Import,IMPORT 23-12-23,,,Imported from STOCK 2026
TX-0000332,4-9-20,IN,P-000411,CP-9140,1.0,,Import,IMPORT 4-9-20,,,Imported from STOCK 2026
TX-0000333,11-2-21,IN,P-000411,CP-9140,2.0,,Import,IMPORT 11-2-21,,,Imported from STOCK 2026
TX-0000334,20-06-22,IN,P-000411,CP-9140,4.0,,Import,IMPORT 20-06-22,,,Imported from STOCK 2026
TX-0000335,14-10-2019,IN,P-000412,CP-250,4.0,,Import,IMPORT 14-10-2019,,,Imported from STOCK 2026
TX-0000336,14-10-2019,IN,P-000413,CP-9125,6.0,,Import,IMPORT 14-10-2019,,,Imported from STOCK 2026
TX-0000337,11-2-21,IN,P-000414,CP-9135,2.0,,Import,IMPORT 11-2-21,,,Imported from STOCK 2026
TX-0000338,11-2-21,IN,P-000415,CP-9145,3.0,,Import,IMPORT 11-2-21,,,Imported from STOCK 2026
TX-0000339,13-08-21,IN,P-000415,CP-9145,4.0,,Import,IMPORT 13-08-21,,,Imported from STOCK 2026
TX-0000340,20-06-22,IN,P-000415,CP-9145,2.0,,Import,IMPORT 20-06-22,,,Imported from STOCK 2026
TX-0000341,11-2-21,IN,P-000416,CP-9245,6.0,,Import,IMPORT 11-2-21,,,Imported from STOCK 2026
TX-0000342,23-12-23,IN,P-000417,CP-9235,4.0,,Import,IMPORT 23-12-23,,,Imported from STOCK 2026
TX-0000343,11-12-21,IN,P-000418,CP-9205,9.0,,Import,IMPORT 11-12-21,,,Imported from STOCK 2026
TX-0000344,20-06-22,IN,P-000418,CP-9205,12.0,,Import,IMPORT 20-06-22,,,Imported from STOCK 2026
TX-0000345,11-12-21,IN,P-000419,CP-9405,9.0,,Import,IMPORT 11-12-21,,,Imported from STOCK 2026
TX-0000346,23-12-23,IN,P-000419,CP-9405,10.0,,Import,IMPORT 23-12-23,,,Imported from STOCK 2026
TX-0000347,11-12-21,IN,P-000420,CP-9320,4.0,,Import,IMPORT 11-12-21,,,Imported from STOCK 2026
TX-0000348,14-10-2019,IN,P-000422,CP-9155,6.0,,Import,IMPORT 14-10-2019,,,Imported from STOCK 2026
TX-0000349,14-10-2019,IN,P-000423,AM-5148,1.0,,Import,IMPORT 14-10-2019,,,Imported from STOCK 2026
TX-0000350,11-2-21,IN,P-000423,AM-5148,14.0,,Import,IMPORT 11-2-21,,,Imported from STOCK 2026
TX-0000351,16-11-22,IN,P-000423,AM-5148,3.0,,Import,IMPORT 16-11-22,,,Imported from STOCK 2026
TX-0000352,10-6-21,IN,P-000426,CP-911N,6.0,,Import,IMPORT 10-6-21,,,Imported from STOCK 2026
TX-0000353,13-08-21,IN,P-000426,CP-911N,6.0,,Import,IMPORT 13-08-21,,,Imported from STOCK 2026
TX-0000354,13-08-21,IN,P-000427,CP-916R,8.0,,Import,IMPORT 13-08-21,,,Imported from STOCK 2026
TX-0000355,13-08-21,IN,P-000428,CP-9405,8.0,,Import,IMPORT 13-08-21,,,Imported from STOCK 2026
TX-0000356,10-6-21,IN,P-000429,CP-9400,6.0,,Import,IMPORT 10-6-21,,,Imported from STOCK 2026
TX-0000357,20-06-22,IN,P-000430,CP-9300,9.0,,Import,IMPORT 20-06-22,,,Imported from STOCK 2026
TX-0000358,20-06-22,IN,P-000431,HC350014,2.0,,Import,IMPORT 20-06-22,,,Imported from STOCK 2026
TX-0000359,16-11-22,IN,P-000431,HC350014,2.0,,Import,IMPORT 16-11-22,,,Imported from STOCK 2026
TX-0000360,20-06-22,IN,P-000432,HC350018,1.0,,Import,IMPORT 20-06-22,,,Imported from STOCK 2026
TX-0000361,16-11-22,IN,P-000432,HC350018,1.0,,Import,IMPORT 16-11-22,,,Imported from STOCK 2026
TX-0000362,20-06-22,IN,P-000433,HB400814,2.0,,Import,IMPORT 20-06-22,,,Imported from STOCK 2026
TX-0000363,16-11-22,IN,P-000433,HB400814,3.0,,Import,IMPORT 16-11-22,,,Imported from STOCK 2026
TX-0000364,16-11-22,IN,P-000434,HB400614,3.0,,Import,IMPORT 16-11-22,,,Imported from STOCK 2026
TX-0000365,20-06-22,IN,P-000435,HB400618,2.0,,Import,IMPORT 20-06-22,,,Imported from STOCK 2026
TX-0000366,16-11-22,IN,P-000435,HB400618,1.0,,Import,IMPORT 16-11-22,,,Imported from STOCK 2026
TX-0000367,16-11-22,IN,P-000436,HC3414M5,2.0,,Import,IMPORT 16-11-22,,,Imported from STOCK 2026
TX-0000368,20-06-22,IN,P-000437,HC3418M5,2.0,,Import,IMPORT 20-06-22,,,Imported from STOCK 2026
TX-0000369,20-06-22,IN,P-000438,HB401014,1.0,,Import,IMPORT 20-06-22,,,Imported from STOCK 2026
TX-0000370,20-06-22,IN,P-000439,HB400818,2.0,,Import,IMPORT 20-06-22,,,Imported from STOCK 2026
TX-0000371,16-11-22,IN,P-000439,HB400818,1.0,,Import,IMPORT 16-11-22,,,Imported from STOCK 2026
TX-0000372,14-10-2019,IN,P-000440,AI-3522,20.0,,Import,IMPORT 14-10-2019,,,Imported from STOCK 2026
TX-0000373,14-10-2019,IN,P-000441,AI-3522Q,10.0,,Import,IMPORT 14-10-2019,,,Imported from STOCK 2026
TX-0000374,11-2-21,IN,P-000441,AI-3522Q,8.0,,Import,IMPORT 11-2-21,,,Imported from STOCK 2026
TX-0000375,20-06-22,IN,P-000441,AI-3522Q,2.0,,Import,IMPORT 20-06-22,,,Imported from STOCK 2026
TX-0000376,23-12-23,IN,P-000441,AI-3522Q,6.0,,Import,IMPORT 23-12-23,,,Imported from STOCK 2026
TX-0000377,20-06-22,IN,P-000442,AI-3523Q,10.0,,Import,IMPORT 20-06-22,,,Imported from STOCK 2026
TX-0000378,10-6-21,IN,P-000472,RP2000320020,3.0,,Import,IMPORT 10-6-21,,,Imported from STOCK 2026
TX-0000379,11-2-21,IN,P-000473,RP2000250015,2.0,,Import,IMPORT 11-2-21,,,Imported from STOCK 2026
TX-0000380,13-08-21,IN,P-000473,RP2000250015,14.0,,Import,IMPORT 13-08-21,,,Imported from STOCK 2026
TX-0000381,16-11-22,IN,P-000473,RP2000250015,10.0,,Import,IMPORT 16-11-22,,,Imported from STOCK 2026
TX-0000382,APRIL 2025,IN,P-000473,RP2000250015,12.0,,Import,IMPORT APRIL 2025,,,Imported from STOCK 2026
TX-0000383,16-11-22,IN,P-000476,W10004000050m,2.0,,Import,IMPORT 16-11-22,,,Imported from STOCK 2026
TX-0000384,14-10-2019,IN,P-000489,VQ5301-51,2.0,,Import,IMPORT 14-10-2019,,,Imported from STOCK 2026
TX-0000385,14-10-2019,IN,P-000490,VQ5401-51,2.0,,Import,IMPORT 14-10-2019,,,Imported from STOCK 2026
TX-0000386,14-10-2019,IN,P-000491,MHC2-16D,5.0,,Import,IMPORT 14-10-2019,,,Imported from STOCK 2026
TX-0000387,14-10-2019,IN,P-000495,SY5140-5YO-Q,25.0,,Import,IMPORT 14-10-2019,,,Imported from STOCK 2026
TX-0000388,11-2-21,IN,P-000495,SY5140-5YO-Q,9.0,,Import,IMPORT 11-2-21,,,Imported from STOCK 2026
TX-0000389,10-6-21,IN,P-000495,SY5140-5YO-Q,6.0,,Import,IMPORT 10-6-21,,,Imported from STOCK 2026
TX-0000390,13-08-21,IN,P-000495,SY5140-5YO-Q,6.0,,Import,IMPORT 13-08-21,,,Imported from STOCK 2026
TX-0000391,JAN-25,IN,P-000495,SY5140-5YO-Q,12.0,,Import,IMPORT JAN-25,,,Imported from STOCK 2026
TX-0000392,14-10-2019,IN,P-000499,EV-25-4,8.0,,Import,IMPORT 14-10-2019,,,Imported from STOCK 2026
TX-0000393,10-6-21,IN,P-000518,SK180160007,1.0,,Import,IMPORT 10-6-21,,,Imported from STOCK 2026
TX-0000394,APRIL 2025,IN,P-000518,SK180160007,7.0,,Import,IMPORT APRIL 2025,,,Imported from STOCK 2026
TX-0000395,10-6-21,IN,P-000519,SK190160007,1.0,,Import,IMPORT 10-6-21,,,Imported from STOCK 2026
TX-0000396,APRIL 2025,IN,P-000519,SK190160007,7.0,,Import,IMPORT APRIL 2025,,,Imported from STOCK 2026
TX-0000397,11-2-21,IN,P-000522,KG01100/D,6.0,,Import,IMPORT 11-2-21,,,Imported from STOCK 2026
TX-0000398,APRIL 2025,IN,P-000525,KG01063/D,4.0,,Import,IMPORT APRIL 2025,,,Imported from STOCK 2026
TX-0000399,11-2-21,IN,P-000526,KG01125/D,6.0,,Import,IMPORT 11-2-21,,,Imported from STOCK 2026
TX-0000400,23-12-23,IN,P-000527,KG01080/D,4.0,,Import,IMPORT 23-12-23,,,Imported from STOCK 2026
TX-0000401,APRIL 2025,IN,P-000527,KG01080/D,3.0,,Import,IMPORT APRIL 2025,,,Imported from STOCK 2026
TX-0000402,11-2-21,IN,P-000529,SG01016,2.0,,Import,IMPORT 11-2-21,,,Imported from STOCK 2026
TX-0000403,10-6-21,IN,P-000529,SG01016,4.0,,Import,IMPORT 10-6-21,,,Imported from STOCK 2026
TX-0000404,APRIL 2025,IN,P-000529,SG01016,1.0,,Import,IMPORT APRIL 2025,,,Imported from STOCK 2026
TX-0000405,14-10-2019,IN,P-000533,CQ2B40-KIT,5.0,,Import,IMPORT 14-10-2019,,,Imported from STOCK 2026
TX-0000406,MARCH-24,IN,P-000551,EL18F250,6.0,,Import,IMPORT MARCH-24,,,Imported from STOCK 2026
TX-0000407,APRIL 2025,IN,P-000552,HA0404M5,100.0,,Import,IMPORT APRIL 2025,,,Imported from STOCK 2026
TX-0000408,APRIL 2025,IN,P-000553,HA0406M5,100.0,,Import,IMPORT APRIL 2025,,,Imported from STOCK 2026
TX-0000409,23-12-23,IN,P-000554,HA040418,250.0,,Import,IMPORT 23-12-23,,,Imported from STOCK 2026
TX-0000410,23-12-23,IN,P-000555,HA040414,250.0,,Import,IMPORT 23-12-23,,,Imported from STOCK 2026
TX-0000411,JAN-25,IN,P-000556,HA040618,250.0,,Import,IMPORT JAN-25,,,Imported from STOCK 2026
TX-0000412,23-12-23,IN,P-000557,HA040614,400.0,,Import,IMPORT 23-12-23,,,Imported from STOCK 2026
TX-0000413,APRIL 2025,IN,P-000558,HA040638,150.0,,Import,IMPORT APRIL 2025,,,Imported from STOCK 2026
TX-0000414,APRIL 2025,IN,P-000559,HA040612,120.0,,Import,IMPORT APRIL 2025,,,Imported from STOCK 2026
TX-0000415,23-12-23,IN,P-000560,HA0406M5,138.0,,Import,IMPORT 23-12-23,,,Imported from STOCK 2026
TX-0000416,23-12-23,IN,P-000561,HA040812,100.0,,Import,IMPORT 23-12-23,,,Imported from STOCK 2026
TX-0000417,23-12-23,IN,P-000562,HA040814,400.0,,Import,IMPORT 23-12-23,,,Imported from STOCK 2026
TX-0000418,23-12-23,IN,P-000563,HA040818,180.0,,Import,IMPORT 23-12-23,,,Imported from STOCK 2026
TX-0000419,23-12-23,IN,P-000564,HA040838,150.0,,Import,IMPORT 23-12-23,,,Imported from STOCK 2026
TX-0000420,APRIL 2025,IN,P-000565,HA041018,120.0,,Import,IMPORT APRIL 2025,,,Imported from STOCK 2026
TX-0000421,23-12-23,IN,P-000566,HA041012,100.0,,Import,IMPORT 23-12-23,,,Imported from STOCK 2026
TX-0000422,23-12-23,IN,P-000567,HA041038,120.0,,Import,IMPORT 23-12-23,,,Imported from STOCK 2026
TX-0000423,APRIL 2025,IN,P-000568,HA041214,100.0,,Import,IMPORT APRIL 2025,,,Imported from STOCK 2026
TX-0000424,MARCH-24,IN,P-000569,HA041212,120.0,,Import,IMPORT MARCH-24,,,Imported from STOCK 2026
TX-0000425,JAN-25,IN,P-000569,HA041212,100.0,,Import,IMPORT JAN-25,,,Imported from STOCK 2026
TX-0000426,APRIL 2025,IN,P-000569,HA041212,100.0,,Import,IMPORT APRIL 2025,,,Imported from STOCK 2026
TX-0000427,APRIL 2025,IN,P-000571,HA041612,20.0,,Import,IMPORT APRIL 2025,,,Imported from STOCK 2026
TX-0000428,23-12-23,IN,P-000572,HA10B1212,100.0,,Import,IMPORT 23-12-23,,,Imported from STOCK 2026
TX-0000429,JAN-25,IN,P-000572,HA10B1212,50.0,,Import,IMPORT JAN-25,,,Imported from STOCK 2026
TX-0000430,23-12-23,IN,P-000573,HA16B0418,97.0,,Import,IMPORT 23-12-23,,,Imported from STOCK 2026
TX-0000431,23-12-23,IN,P-000574,HA16B04M5,46.0,,Import,IMPORT 23-12-23,,,Imported from STOCK 2026
TX-0000432,MARCH-24,IN,P-000574,HA16B04M5,25.0,,Import,IMPORT MARCH-24,,,Imported from STOCK 2026
TX-0000433,MARCH-24,IN,P-000575,HA16B0614,250.0,,Import,IMPORT MARCH-24,,,Imported from STOCK 2026
TX-0000434,23-12-23,IN,P-000576,HA16B06M5,65.0,,Import,IMPORT 23-12-23,,,Imported from STOCK 2026
TX-0000435,MARCH-24,IN,P-000576,HA16B06M5,35.0,,Import,IMPORT MARCH-24,,,Imported from STOCK 2026
TX-0000436,23-12-23,IN,P-000577,HA16B0814,250.0,,Import,IMPORT 23-12-23,,,Imported from STOCK 2026
TX-0000437,MARCH-24,IN,P-000578,HA16B0818,250.0,,Import,IMPORT MARCH-24,,,Imported from STOCK 2026
TX-0000438,MARCH-24,IN,P-000579,HA16B0838,150.0,,Import,IMPORT MARCH-24,,,Imported from STOCK 2026
TX-0000439,APRIL 2025,IN,P-000579,HA16B0838,50.0,,Import,IMPORT APRIL 2025,,,Imported from STOCK 2026
TX-0000440,23-12-23,IN,P-000580,HA16B1012,53.0,,Import,IMPORT 23-12-23,,,Imported from STOCK 2026
TX-0000441,MARCH-24,IN,P-000580,HA16B1012,15.0,,Import,IMPORT MARCH-24,,,Imported from STOCK 2026
TX-0000442,APRIL 2025,IN,P-000580,HA16B1012,50.0,,Import,IMPORT APRIL 2025,,,Imported from STOCK 2026
TX-0000443,23-12-23,IN,P-000581,HA16B1014,89.0,,Import,IMPORT 23-12-23,,,Imported from STOCK 2026
TX-0000444,MARCH-24,IN,P-000581,HA16B1014,61.0,,Import,IMPORT MARCH-24,,,Imported from STOCK 2026
TX-0000445,APRIL 2025,IN,P-000581,HA16B1014,50.0,,Import,IMPORT APRIL 2025,,,Imported from STOCK 2026
TX-0000446,MARCH-24,IN,P-000582,HA16B1038,150.0,,Import,IMPORT MARCH-24,,,Imported from STOCK 2026
TX-0000447,23-12-23,IN,P-000583,HA16B1212,132.0,,Import,IMPORT 23-12-23,,,Imported from STOCK 2026
TX-0000448,MARCH-24,IN,P-000583,HA16B1212,18.0,,Import,IMPORT MARCH-24,,,Imported from STOCK 2026
TX-0000449,23-12-23,IN,P-000584,HA16B1238,11.0,,Import,IMPORT 23-12-23,,,Imported from STOCK 2026
TX-0000450,MARCH-24,IN,P-000584,HA16B1238,139.0,,Import,IMPORT MARCH-24,,,Imported from STOCK 2026
TX-0000451,MARCH-24,IN,P-000585,HA190400,150.0,,Import,IMPORT MARCH-24,,,Imported from STOCK 2026
TX-0000452,23-12-23,IN,P-000586,HA190600,278.0,,Import,IMPORT 23-12-23,,,Imported from STOCK 2026
TX-0000453,23-12-23,IN,P-000587,HA190604,150.0,,Import,IMPORT 23-12-23,,,Imported from STOCK 2026
TX-0000454,23-12-23,IN,P-000588,HA190800,500.0,,Import,IMPORT 23-12-23,,,Imported from STOCK 2026
TX-0000455,23-12-23,IN,P-000589,HA190806,52.0,,Import,IMPORT 23-12-23,,,Imported from STOCK 2026
TX-0000456,JAN-25,IN,P-000589,HA190806,150.0,,Import,IMPORT JAN-25,,,Imported from STOCK 2026
TX-0000457,APRIL 2025,IN,P-000589,HA190806,150.0,,Import,IMPORT APRIL 2025,,,Imported from STOCK 2026
TX-0000458,APRIL 2025,IN,P-000590,HA190804,100.0,,Import,IMPORT APRIL 2025,,,Imported from STOCK 2026
TX-0000459,23-12-23,IN,P-000591,HA191000,291.0,,Import,IMPORT 23-12-23,,,Imported from STOCK 2026
TX-0000460,23-12-23,IN,P-000592,HA191008,312.0,,Import,IMPORT 23-12-23,,,Imported from STOCK 2026
TX-0000461,23-12-23,IN,P-000593,HA191200,100.0,,Import,IMPORT 23-12-23,,,Imported from STOCK 2026
TX-0000462,MARCH-24,IN,P-000593,HA191200,300.0,,Import,IMPORT MARCH-24,,,Imported from STOCK 2026
TX-0000463,JAN-25,IN,P-000594,HA191206,60.0,,Import,IMPORT JAN-25,,,Imported from STOCK 2026
TX-0000464,APRIL 2025,IN,P-000594,HA191206,60.0,,Import,IMPORT APRIL 2025,,,Imported from STOCK 2026
TX-0000465,JAN-25,IN,P-000595,HA191208,60.0,,Import,IMPORT JAN-25,,,Imported from STOCK 2026
TX-0000466,APRIL 2025,IN,P-000595,HA191208,100.0,,Import,IMPORT APRIL 2025,,,Imported from STOCK 2026
TX-0000467,23-12-23,IN,P-000596,HA191210,147.0,,Import,IMPORT 23-12-23,,,Imported from STOCK 2026
TX-0000468,MARCH-24,IN,P-000596,HA191210,203.0,,Import,IMPORT MARCH-24,,,Imported from STOCK 2026
TX-0000469,APRIL 2025,IN,P-000597,HA191600,30.0,,Import,IMPORT APRIL 2025,,,Imported from STOCK 2026
TX-0000470,MARCH-24,IN,P-000598,HA200400,153.0,,Import,IMPORT MARCH-24,,,Imported from STOCK 2026
TX-0000471,MARCH-24,IN,P-000599,HA200600,650.0,,Import,IMPORT MARCH-24,,,Imported from STOCK 2026
TX-0000472,23-12-23,IN,P-000600,HA200800,36.0,,Import,IMPORT 23-12-23,,,Imported from STOCK 2026
TX-0000473,MARCH-24,IN,P-000600,HA200800,253.0,,Import,IMPORT MARCH-24,,,Imported from STOCK 2026
TX-0000474,MARCH-24,IN,P-000601,HA201000,125.0,,Import,IMPORT MARCH-24,,,Imported from STOCK 2026
TX-0000475,MARCH-24,IN,P-000602,HA201200,222.0,,Import,IMPORT MARCH-24,,,Imported from STOCK 2026
TX-0000476,23-12-23,IN,P-000603,HA210400,250.0,,Import,IMPORT 23-12-23,,,Imported from STOCK 2026
TX-0000477,23-12-23,IN,P-000604,HA210600,500.0,,Import,IMPORT 23-12-23,,,Imported from STOCK 2026
TX-0000478,23-12-23,IN,P-000605,HA210800,500.0,,Import,IMPORT 23-12-23,,,Imported from STOCK 2026
TX-0000479,23-12-23,IN,P-000607,HA211200,35.0,,Import,IMPORT 23-12-23,,,Imported from STOCK 2026
TX-0000480,MARCH-24,IN,P-000607,HA211200,180.0,,Import,IMPORT MARCH-24,,,Imported from STOCK 2026
TX-0000481,APRIL 2025,IN,P-000607,HA211200,100.0,,Import,IMPORT APRIL 2025,,,Imported from STOCK 2026
TX-0000482,APRIL 2025,IN,P-000608,HA211008,60.0,,Import,IMPORT APRIL 2025,,,Imported from STOCK 2026
TX-0000483,APRIL 2025,IN,P-000609,HA211210,60.0,,Import,IMPORT APRIL 2025,,,Imported from STOCK 2026
TX-0000484,23-12-23,IN,P-000610,HA220400,10.0,,Import,IMPORT 23-12-23,,,Imported from STOCK 2026
TX-0000485,23-12-23,IN,P-000611,HA220600,36.0,,Import,IMPORT 23-12-23,,,Imported from STOCK 2026
TX-0000486,23-12-23,IN,P-000612,HA220800,36.0,,Import,IMPORT 23-12-23,,,Imported from STOCK 2026
TX-0000487,MARCH-24,IN,P-000613,HA221000,12.0,,Import,IMPORT MARCH-24,,,Imported from STOCK 2026
TX-0000488,JAN-25,IN,P-000613,HA221000,12.0,,Import,IMPORT JAN-25,,,Imported from STOCK 2026
TX-0000489,23-12-23,IN,P-000614,HA221200,12.0,,Import,IMPORT 23-12-23,,,Imported from STOCK 2026
TX-0000490,23-12-23,IN,P-000615,HA230404,50.0,,Import,IMPORT 23-12-23,,,Imported from STOCK 2026
TX-0000491,23-12-23,IN,P-000616,HA230604,50.0,,Import,IMPORT 23-12-23,,,Imported from STOCK 2026
TX-0000492,23-12-23,IN,P-000617,HA230606,50.0,,Import,IMPORT 23-12-23,,,Imported from STOCK 2026
TX-0000493,JAN-25,IN,P-000617,HA230606,100.0,,Import,IMPORT JAN-25,,,Imported from STOCK 2026
TX-0000494,23-12-23,IN,P-000618,HA230808,50.0,,Import,IMPORT 23-12-23,,,Imported from STOCK 2026
TX-0000495,JAN-25,IN,P-000618,HA230808,100.0,,Import,IMPORT JAN-25,,,Imported from STOCK 2026
TX-0000496,23-12-23,IN,P-000619,HA231010,50.0,,Import,IMPORT 23-12-23,,,Imported from STOCK 2026
TX-0000497,JAN-25,IN,P-000619,HA231010,100.0,,Import,IMPORT JAN-25,,,Imported from STOCK 2026
TX-0000498,23-12-23,IN,P-000620,HA231210,34.0,,Import,IMPORT 23-12-23,,,Imported from STOCK 2026
TX-0000499,MARCH-24,IN,P-000620,HA231210,16.0,,Import,IMPORT MARCH-24,,,Imported from STOCK 2026
TX-0000500,MARCH-24,IN,P-000621,HA231212,50.0,,Import,IMPORT MARCH-24,,,Imported from STOCK 2026
TX-0000501,JAN-25,IN,P-000621,HA231212,100.0,,Import,IMPORT JAN-25,,,Imported from STOCK 2026
TX-0000502,23-12-23,IN,P-000622,HA270418,120.0,,Import,IMPORT 23-12-23,,,Imported from STOCK 2026
TX-0000503,APRIL 2025,IN,P-000623,HA2706M5,100.0,,Import,IMPORT APRIL 2025,,,Imported from STOCK 2026
TX-0000504,MARCH-24,IN,P-000624,HA270618,350.0,,Import,IMPORT MARCH-24,,,Imported from STOCK 2026
TX-0000505,APRIL 2025,IN,P-000624,HA270618,50.0,,Import,IMPORT APRIL 2025,,,Imported from STOCK 2026
TX-0000506,MARCH-24,IN,P-000625,HA270614,350.0,,Import,IMPORT MARCH-24,,,Imported from STOCK 2026
TX-0000507,APRIL 2025,IN,P-000626,HA270638,120.0,,Import,IMPORT APRIL 2025,,,Imported from STOCK 2026
TX-0000508,JAN-25,IN,P-000627,HA270612,24.0,,Import,IMPORT JAN-25,,,Imported from STOCK 2026
TX-0000509,APRIL 2025,IN,P-000627,HA270612,66.0,,Import,IMPORT APRIL 2025,,,Imported from STOCK 2026
TX-0000510,JAN-25,IN,P-000628,HA270812,24.0,,Import,IMPORT JAN-25,,,Imported from STOCK 2026
TX-0000511,APRIL 2025,IN,P-000628,HA270812,180.0,,Import,IMPORT APRIL 2025,,,Imported from STOCK 2026
TX-0000512,23-12-23,IN,P-000629,HA270814,350.0,,Import,IMPORT 23-12-23,,,Imported from STOCK 2026
TX-0000513,23-12-23,IN,P-000630,HA270818,350.0,,Import,IMPORT 23-12-23,,,Imported from STOCK 2026
TX-0000514,23-12-23,IN,P-000631,HA270838,10.0,,Import,IMPORT 23-12-23,,,Imported from STOCK 2026
TX-0000515,MARCH-24,IN,P-000631,HA270838,140.0,,Import,IMPORT MARCH-24,,,Imported from STOCK 2026
TX-0000516,APRIL 2025,IN,P-000631,HA270838,50.0,,Import,IMPORT APRIL 2025,,,Imported from STOCK 2026
TX-0000517,14-10-2019,IN,P-000632,HA271018,18.0,,Import,IMPORT 14-10-2019,,,Imported from STOCK 2026
TX-0000518,APRIL 2025,IN,P-000632,HA271018,100.0,,Import,IMPORT APRIL 2025,,,Imported from STOCK 2026
TX-0000519,MARCH-24,IN,P-000633,HA271012,100.0,,Import,IMPORT MARCH-24,,,Imported from STOCK 2026
TX-0000520,MARCH-24,IN,P-000634,HA271014,140.0,,Import,IMPORT MARCH-24,,,Imported from STOCK 2026
TX-0000521,APRIL 2025,IN,P-000634,HA271014,60.0,,Import,IMPORT APRIL 2025,,,Imported from STOCK 2026
TX-0000522,MARCH-24,IN,P-000635,HA271038,100.0,,Import,IMPORT MARCH-24,,,Imported from STOCK 2026
TX-0000523,APRIL 2025,IN,P-000635,HA271038,80.0,,Import,IMPORT APRIL 2025,,,Imported from STOCK 2026
TX-0000524,APRIL 2025,IN,P-000636,HA271214,130.0,,Import,IMPORT APRIL 2025,,,Imported from STOCK 2026
TX-0000525,23-12-23,IN,P-000637,HA271238,11.0,,Import,IMPORT 23-12-23,,,Imported from STOCK 2026
TX-0000526,MARCH-24,IN,P-000637,HA271238,89.0,,Import,IMPORT MARCH-24,,,Imported from STOCK 2026
TX-0000527,APRIL 2025,IN,P-000638,HA271438,20.0,,Import,IMPORT APRIL 2025,,,Imported from STOCK 2026
TX-0000528,APRIL 2025,IN,P-000639,HA271412,20.0,,Import,IMPORT APRIL 2025,,,Imported from STOCK 2026
TX-0000529,APRIL 2025,IN,P-000640,HA271638,20.0,,Import,IMPORT APRIL 2025,,,Imported from STOCK 2026
TX-0000530,APRIL 2025,IN,P-000641,HA191400,20.0,,Import,IMPORT APRIL 2025,,,Imported from STOCK 2026
TX-0000531,APRIL 2025,IN,P-000642,HA201400,20.0,,Import,IMPORT APRIL 2025,,,Imported from STOCK 2026
TX-0000532,APRIL 2025,IN,P-000643,HA201600,20.0,,Import,IMPORT APRIL 2025,,,Imported from STOCK 2026
TX-0000533,23-12-23,IN,P-000644,HA301008,24.0,,Import,IMPORT 23-12-23,,,Imported from STOCK 2026
TX-0000534,APRIL 2025,IN,P-000645,HA241006,60.0,,Import,IMPORT APRIL 2025,,,Imported from STOCK 2026
TX-0000535,APRIL 2025,IN,P-000646,HA241208,60.0,,Import,IMPORT APRIL 2025,,,Imported from STOCK 2026
TX-0000536,APRIL 2025,IN,P-000647,HA381208,30.0,,Import,IMPORT APRIL 2025,,,Imported from STOCK 2026
TX-0000537,APRIL 2025,IN,P-000648,HA381006,30.0,,Import,IMPORT APRIL 2025,,,Imported from STOCK 2026
TX-0000538,APRIL 2025,IN,P-000649,HA261000,50.0,,Import,IMPORT APRIL 2025,,,Imported from STOCK 2026
TX-0000539,APRIL 2025,IN,P-000650,HA261200,30.0,,Import,IMPORT APRIL 2025,,,Imported from STOCK 2026
TX-0000540,JAN-25,IN,P-000651,LONG ELBOW,50.0,,Import,IMPORT JAN-25,,,Imported from STOCK 2026
TX-0000541,JAN-25,IN,P-000652,HA041014,250.0,,Import,IMPORT JAN-25,,,Imported from STOCK 2026
TX-0000542,APRIL 2025,IN,P-000652,HA041014,120.0,,Import,IMPORT APRIL 2025,,,Imported from STOCK 2026
TX-0000543,JAN-25,IN,P-000653,HA041238,150.0,,Import,IMPORT JAN-25,,,Imported from STOCK 2026
TX-0000544,APRIL 2025,IN,P-000653,HA041238,100.0,,Import,IMPORT APRIL 2025,,,Imported from STOCK 2026
TX-0000545,JAN-25,IN,P-000654,HA16B0812,100.0,,Import,IMPORT JAN-25,,,Imported from STOCK 2026
TX-0000546,JAN-25,IN,P-000655,HA16B0618,100.0,,Import,IMPORT JAN-25,,,Imported from STOCK 2026
TX-0000547,APRIL 2025,IN,P-000655,HA16B0618,250.0,,Import,IMPORT APRIL 2025,,,Imported from STOCK 2026
TX-0000548,JAN-25,IN,P-000656,DNC-125-PPV,1.0,,Import,IMPORT JAN-25,,,Imported from STOCK 2026
TX-0000549,23-12-23,IN,P-000657,1062-1-DNS,2.0,,Import,IMPORT 23-12-23,,,Imported from STOCK 2026
TX-0000550,JAN-25,IN,P-000657,1062-1-DNS,4.0,,Import,IMPORT JAN-25,,,Imported from STOCK 2026
TX-0000551,JAN-25,IN,P-000659,CPMT 120308Z,20.0,,Import,IMPORT JAN-25,,,Imported from STOCK 2026
TX-0000552,,OUT,P-000002,AA-0400,-14.0,used in OTC,Delivery Challan,,used in OTC,,Imported from STOCK 2026
TX-0000553,10/10/19,OUT,P-000003,AA-0184,-4.0,Put back in AC-8520 (used tripack),Delivery Challan,,Put back in AC-8520 (used tripack),,Imported from STOCK 2026
TX-0000554,1/10/22,OUT,P-000007,AA-0211,-1.0,SOORTY ZOHAIB,Delivery Challan,,SOORTY ZOHAIB,,Imported from STOCK 2026
TX-0000555,9/9/20,OUT,P-000008,AB-0888,-4.0,ecopack,Delivery Challan,,ecopack,,Imported from STOCK 2026
TX-0000556,30/3/25,OUT,P-000009,AB-0878,-1.0,ecopack,Delivery Challan,,ecopack,,Imported from STOCK 2026
TX-0000557,4/1/20,OUT,P-000010,AB-0687,-1.0,GTR,Delivery Challan,,GTR,,Imported from STOCK 2026
TX-0000558,24/2/24,OUT,P-000011,AB-0685 = VT307E,-1.0,TRIPACK,Delivery Challan,,TRIPACK,,Imported from STOCK 2026
TX-0000559,5-4-2021+ 15-4-21,OUT,P-000012,AB-0819 = VT315-025G 0-,-2.0,soorty,Delivery Challan,,soorty,,Imported from STOCK 2026
TX-0000560,4/1/20,OUT,P-000015,AB-0900,-1.0,GTR,Delivery Challan,,GTR,,Imported from STOCK 2026
TX-0000561,11/12/21,OUT,P-000016,AB-0822 =M/49A NORGREN,-1.0,SOORTY against M/49a NORGREN,Delivery Challan,,SOORTY against M/49a NORGREN,,Imported from STOCK 2026
TX-0000562,,OUT,P-000018,AM-5201,-7.0,URIL,Delivery Challan,,URIL,,Imported from STOCK 2026
TX-0000563,25/9/24,OUT,P-000019,AI-9120,-10.0,WASI BHAI,Delivery Challan,,WASI BHAI,,Imported from STOCK 2026
TX-0000564,6/12/23,OUT,P-000020,AI-9100M,-2.0,NAZEER DYEING,Delivery Challan,,NAZEER DYEING,,Imported from STOCK 2026
TX-0000565,19/Apr/23,OUT,P-000022,AI-3500,-2.0,WASI BHAI,Delivery Challan,,WASI BHAI,,Imported from STOCK 2026
TX-0000566,24/12/22,OUT,P-000024,A-122N,-2.0,TATA TEXTILE SALFI,Delivery Challan,,TATA TEXTILE SALFI,,Imported from STOCK 2026
TX-0000567,14/1/20,OUT,P-000030,AG-3051 AG-3050,-1.0,RELIABLE EQUIPMENT,Delivery Challan,,RELIABLE EQUIPMENT,,Imported from STOCK 2026
TX-0000568,17/4/21,OUT,P-000031,AG-3222,-2.0,WASI-24VAC,Delivery Challan,,WASI-24VAC,,Imported from STOCK 2026
TX-0000569,11/6/22,OUT,P-000033,AG-3232,-2.0,WASI,Delivery Challan,,WASI,,Imported from STOCK 2026
TX-0000570,16/3/23,OUT,P-000034,AF-2540,-4.0,DAWLANCE,Delivery Challan,,DAWLANCE,,Imported from STOCK 2026
TX-0000571,31/8/23,OUT,P-000036,AF-2530,-1.0,CONVERT AF-2530 INTO AG-3081 BY ADD HARD SPRING TO AUTOMATION TECHNOLOGY,Delivery Challan,,CONVERT AF-2530 INTO AG-3081 BY ADD HARD SPRING TO AUTOMATION TECHNOLOGY,,Imported from STOCK 2026
TX-0000572,13/10/19,OUT,P-000039,AC-89*****,-4.0,make double coil send tripack,Delivery Challan,,make double coil send tripack,,Imported from STOCK 2026
TX-0000573,13/10/19,OUT,P-000040,AC-8990-06,-4.0,make double coil send tripack,Delivery Challan,,make double coil send tripack,,Imported from STOCK 2026
TX-0000574,28/4/22,OUT,P-000041,AC-9500,-3.0,IIL,Delivery Challan,,IIL,,Imported from STOCK 2026
TX-0000575,13/10/19,OUT,P-000042,AC-8985,-4.0,make double coil send tripack,Delivery Challan,,make double coil send tripack,,Imported from STOCK 2026
TX-0000576,29/8/23,OUT,P-000047,AC-9980,-4.0,IIL,Delivery Challan,,IIL,,Imported from STOCK 2026
TX-0000577,7/7/20,OUT,P-000049,KLK401032BM,-6.0,Cherat Pack,Delivery Challan,,Cherat Pack,,Imported from STOCK 2026
TX-0000578,8/12/23,OUT,P-000050,KLK401040BM,-1.0,WASI,Delivery Challan,,WASI,,Imported from STOCK 2026
TX-0000579,4/6/24,OUT,P-000051,KK401063BM,-1.0,AM-16 ART MILL,Delivery Challan,,AM-16 ART MILL,,Imported from STOCK 2026
TX-0000580,23/5/25,OUT,P-000056,KLK501080,-1.0,RAJBY,Delivery Challan,,RAJBY,,Imported from STOCK 2026
TX-0000581,30/5/24,OUT,P-000058,KLK501125,-1.0,AM-16 ART MILL,Delivery Challan,,AM-16 ART MILL,,Imported from STOCK 2026
TX-0000582,3/1/20,OUT,P-000059,KLK401100BM,-2.0,AFM,Delivery Challan,,AFM,,Imported from STOCK 2026
TX-0000583,24/12/19,OUT,P-000060,AG-3020,-2.0,DAWLANCE URIL,Delivery Challan,,DAWLANCE URIL,,Imported from STOCK 2026
TX-0000584,20/5/21,OUT,P-000061,AG-3040,-1.0,SYSCOM,Delivery Challan,,SYSCOM,,Imported from STOCK 2026
TX-0000585,15/10/19,OUT,P-000062,AF-2510,-1.0,GTR,Delivery Challan,,GTR,,Imported from STOCK 2026
TX-0000586,3/8/20,OUT,P-000064,AF-2545,-1.0,DADEX,Delivery Challan,,DADEX,,Imported from STOCK 2026
TX-0000587,20/5/23,OUT,P-000065,AF-2603,-1.0,AUTOMATION TECHNOLOGY CONVERT AG-3081,Delivery Challan,,AUTOMATION TECHNOLOGY CONVERT AG-3081,,Imported from STOCK 2026
TX-0000588,4/3/22,OUT,P-000066,AF-9665,-2.0,CONTINENTAL PLASTIC,Delivery Challan,,CONTINENTAL PLASTIC,,Imported from STOCK 2026
TX-0000589,15/10/19,OUT,P-000067,AF-9670,-4.0,DAWLANCE,Delivery Challan,,DAWLANCE,,Imported from STOCK 2026
TX-0000590,1/9/21,OUT,P-000069,AG-3081,-1.0,Saad trader (Rehan),Delivery Challan,,Saad trader (Rehan),,Imported from STOCK 2026
TX-0000591,13/8/21,OUT,P-000072,AE-1000A,-2.0,cherat,Delivery Challan,,cherat,,Imported from STOCK 2026
TX-0000592,13/8/21,OUT,P-000073,AE-1000,-6.0,cherat,Delivery Challan,,cherat,,Imported from STOCK 2026
TX-0000593,13/8/21,OUT,P-000074,AE-1010,-1.0,cherat,Delivery Challan,,cherat,,Imported from STOCK 2026
TX-0000594,13/8/21,OUT,P-000075,AE-1003,-1.0,cherat,Delivery Challan,,cherat,,Imported from STOCK 2026
TX-0000595,,OUT,P-000076,AE-1009,-1.0,MISC,Delivery Challan,,MISC,,Imported from STOCK 2026
TX-0000596,10/6/21,OUT,P-000077,BE-3000,-5.0,OTC (SECURITY PAPER),Delivery Challan,,OTC (SECURITY PAPER),,Imported from STOCK 2026
TX-0000597,10/6/21,OUT,P-000078,BE-3100,-6.0,MAKE BE-3100 TO OTC (SECURITY PAPER,Delivery Challan,,MAKE BE-3100 TO OTC (SECURITY PAPER,,Imported from STOCK 2026
TX-0000598,12/12/21,OUT,P-000079,BE-3200,-12.0,DAWLANCE AGAINST PNEUMAX,Delivery Challan,,DAWLANCE AGAINST PNEUMAX,,Imported from STOCK 2026
TX-0000599,10/6/21,OUT,P-000080,BE-3150,-1.0,MAKE BE-3100 TO OTC (SECURITY PAPER,Delivery Challan,,MAKE BE-3100 TO OTC (SECURITY PAPER,,Imported from STOCK 2026
TX-0000600,12/5/22,OUT,P-000081,BE-3760,-1.0,SOORTY TO MAKKE BE-3940,Delivery Challan,,SOORTY TO MAKKE BE-3940,,Imported from STOCK 2026
TX-0000601,12/5/22,OUT,P-000082,BE-3850,-1.0,SOORTY TO MAKKE BE-3940,Delivery Challan,,SOORTY TO MAKKE BE-3940,,Imported from STOCK 2026
TX-0000602,21/3/22,OUT,P-000083,BE-3940,-2.0,SOORTY,Delivery Challan,,SOORTY,,Imported from STOCK 2026
TX-0000603,12/5/22,OUT,P-000086,BE-3999-09,-6.0,SOORTY TO MAKE BE-3940,Delivery Challan,,SOORTY TO MAKE BE-3940,,Imported from STOCK 2026
TX-0000604,,OUT,P-000091,BE-3999-13,-1.0,USED IN VALVE AE-1000,Delivery Challan,,USED IN VALVE AE-1000,,Imported from STOCK 2026
TX-0000605,28/4/22,OUT,P-000100,BE-6000,-3.0,IIL,Delivery Challan,,IIL,,Imported from STOCK 2026
TX-0000606,24/1/25,OUT,P-000102,BE-5020,-2.0,EXID,Delivery Challan,,EXID,,Imported from STOCK 2026
TX-0000607,7/11/19,OUT,P-000106,BDE-324024 OR BDA-3240,-6.0,AUTOMATION TECHNOLOGY NAVEED,Delivery Challan,,AUTOMATION TECHNOLOGY NAVEED,,Imported from STOCK 2026
TX-0000608,20-05-2021. 19-5-21,OUT,P-000107,BDE-424024 OR BDA-4240,-2.0,MACPAC,Delivery Challan,,MACPAC,,Imported from STOCK 2026
TX-0000609,7/12/21,OUT,P-000108,BDE-364424 OR BDA-3644,-1.0,soorty 18MM EQUIVALENT V415A22D-C3**† CONVERT BDA-3644,Delivery Challan,,soorty 18MM EQUIVALENT V415A22D-C3**† CONVERT BDA-3644,,Imported from STOCK 2026
TX-0000610,3/4/24,OUT,P-000109,BDA-3231,-6.0,HAMZA SUGAR,Delivery Challan,,HAMZA SUGAR,,Imported from STOCK 2026
TX-0000611,20/6/22,OUT,P-000111,BDA-3644,-1.0,SOORTY TO APPROVAL,Delivery Challan,,SOORTY TO APPROVAL,,Imported from STOCK 2026
TX-0000612,14/12/21,OUT,P-000113,BDA-4240,-1.0,MACPAC,Delivery Challan,,MACPAC,,Imported from STOCK 2026
TX-0000613,20/6/22,OUT,P-000114,BDA-4240D,-1.0,SOORTY AS SAMPLE,Delivery Challan,,SOORTY AS SAMPLE,,Imported from STOCK 2026
TX-0000614,29/8/23,OUT,P-000121,BE-6990,-2.0,IIL,Delivery Challan,,IIL,,Imported from STOCK 2026
TX-0000615,29/8/23,OUT,P-000122,BE-6990,-2.0,IIL,Delivery Challan,,IIL,,Imported from STOCK 2026
TX-0000616,19/9/20,OUT,P-000123,OFSW-32,-3.0,UNION STEEL,Delivery Challan,,UNION STEEL,,Imported from STOCK 2026
TX-0000617,13/8/21,OUT,P-000127,BF-1068,-2.0,PAKISTAN SECURITY,Delivery Challan,,PAKISTAN SECURITY,,Imported from STOCK 2026
TX-0000618,13/8/21,OUT,P-000128,BF-1072,-12.0,PAKISTAN SECURITY,Delivery Challan,,PAKISTAN SECURITY,,Imported from STOCK 2026
TX-0000619,14/12/2019,OUT,P-000140,`,-2.0,SYSCOM,Delivery Challan,,SYSCOM,,Imported from STOCK 2026
TX-0000620,8/11/22,OUT,P-000141,GP-6310,-6.0,iil,Delivery Challan,,iil,,Imported from STOCK 2026
TX-0000621,24/2/22,OUT,P-000142,CM-600,-8.0,SOORTY PEDESTRIAN RED FLAG,Delivery Challan,,SOORTY PEDESTRIAN RED FLAG,,Imported from STOCK 2026
TX-0000622,8/11/19,OUT,P-000143,G-6240,-6.0,IIL,Delivery Challan,,IIL,,Imported from STOCK 2026
TX-0000623,27/1/23,OUT,P-000144,G-6250,-5.0,ALI INDSTRIAL WAQAR,Delivery Challan,,ALI INDSTRIAL WAQAR,,Imported from STOCK 2026
TX-0000624,27/1/23,OUT,P-000150,G-6233,-3.0,ALI INDSTRIAL WAQAR,Delivery Challan,,ALI INDSTRIAL WAQAR,,Imported from STOCK 2026
TX-0000625,27/1/23,OUT,P-000151,G-6244,-4.0,ALI INDSTRIAL WAQAR,Delivery Challan,,ALI INDSTRIAL WAQAR,,Imported from STOCK 2026
TX-0000626,16/10/19,OUT,P-000158,AM-5000A,-14.0,TATA BEST FOOD,Delivery Challan,,TATA BEST FOOD,,Imported from STOCK 2026
TX-0000627,29/11/21,OUT,P-000159,CM-9413A,-11.0,AFM,Delivery Challan,,AFM,,Imported from STOCK 2026
TX-0000628,29/11/21,OUT,P-000160,CM-9410A,-3.0,AFM,Delivery Challan,,AFM,,Imported from STOCK 2026
TX-0000629,16/10/19,OUT,P-000161,CM-9602A,-1.0,ADNAN PCL,Delivery Challan,,ADNAN PCL,,Imported from STOCK 2026
TX-0000630,12/2/21,OUT,P-000162,CM-9620,-4.0,DADEX,Delivery Challan,,DADEX,,Imported from STOCK 2026
TX-0000631,6/11/21,OUT,P-000163,CM-9403A,-3.0,REMOVE HEAD AND GIVE TO TATA,Delivery Challan,,REMOVE HEAD AND GIVE TO TATA,,Imported from STOCK 2026
TX-0000632,26/4/21,OUT,P-000164,CM-9680,-1.0,SOORTY GIVE CM-9590 BY USING CM-9680+CM-952,Delivery Challan,,SOORTY GIVE CM-9590 BY USING CM-9680+CM-952,,Imported from STOCK 2026
TX-0000633,29/11/21,OUT,P-000171,CM-9500,-5.0,AFM,Delivery Challan,,AFM,,Imported from STOCK 2026
TX-0000634,5/5/21,OUT,P-000172,CM-418R,-1.0,SOORTY,Delivery Challan,,SOORTY,,Imported from STOCK 2026
TX-0000635,9/12/20,OUT,P-000174,CM-430,-1.0,SOORTY,Delivery Challan,,SOORTY,,Imported from STOCK 2026
TX-0000636,4/5/23,OUT,P-000175,CM-9520,-3.0,TATA BEST FOOD MADE CM-9580,Delivery Challan,,TATA BEST FOOD MADE CM-9580,,Imported from STOCK 2026
TX-0000637,12/10/20,OUT,P-000176,EL22F250,-1.0,CHERAT PACKAGING,Delivery Challan,,CHERAT PACKAGING,,Imported from STOCK 2026
TX-0000638,24/4/25,OUT,P-000177,LNE52W1014,-6.0,AMPQ,Delivery Challan,,AMPQ,,Imported from STOCK 2026
TX-0000639,23/1/23,OUT,P-000181,EL22F355,-2.0,FARRUKH 24VDC,Delivery Challan,,FARRUKH 24VDC,,Imported from STOCK 2026
TX-0000640,2/4/20,OUT,P-000182,CL-9300,-2.0,TATA,Delivery Challan,,TATA,,Imported from STOCK 2026
TX-0000641,15/2/21,OUT,P-000187,CM-9590,-2.0,SOORTY,Delivery Challan,,SOORTY,,Imported from STOCK 2026
TX-0000642,28/1/20,OUT,P-000189,CM-413A,-5.0,soorty,Delivery Challan,,soorty,,Imported from STOCK 2026
TX-0000643,20/12/23,OUT,P-000192,CM-411A,-1.0,SAAD TRADERS,Delivery Challan,,SAAD TRADERS,,Imported from STOCK 2026
TX-0000644,26/3/21,OUT,P-000193,CM-620,-3.0,TRIPACK,Delivery Challan,,TRIPACK,,Imported from STOCK 2026
TX-0000645,7/11/19,OUT,P-000194,CM-423,-1.0,MERIT,Delivery Challan,,MERIT,,Imported from STOCK 2026
TX-0000646,30/11/22,OUT,P-000197,CM-9423,-4.0,MACPAC,Delivery Challan,,MACPAC,,Imported from STOCK 2026
TX-0000647,,OUT,P-000199,E-0220 (E-0270),-4.0,TATA TEXTILE,Delivery Challan,,TATA TEXTILE,,Imported from STOCK 2026
TX-0000648,20/12/24,OUT,P-000200,EL18F255,-1.0,mondelez,Delivery Challan,,mondelez,,Imported from STOCK 2026
TX-0000649,11/12/21,OUT,P-000203,AI-3513,-2.0,soorty,Delivery Challan,,soorty,,Imported from STOCK 2026
TX-0000650,10/6/21,OUT,P-000207,AI-9400,-2.0,SOORTY,Delivery Challan,,SOORTY,,Imported from STOCK 2026
TX-0000651,10/8/20,OUT,P-000211,DA-0124,-2.0,wasi,Delivery Challan,,wasi,,Imported from STOCK 2026
TX-0000652,11/9/19,OUT,P-000213,DA-0051,-2.0,CHERAT CEMENT,Delivery Challan,,CHERAT CEMENT,,Imported from STOCK 2026
TX-0000653,26/9/19,OUT,P-000215,110VAC CHINA,-5.0,OTC,Delivery Challan,,OTC,,Imported from STOCK 2026
TX-0000654,30/6/21,OUT,P-000216,DA-0106,-1.0,GTR,Delivery Challan,,GTR,,Imported from STOCK 2026
TX-0000655,,OUT,P-000217,DA-0058,-6.0,TNB LIBERTY,Delivery Challan,,TNB LIBERTY,,Imported from STOCK 2026
TX-0000656,11/5/20,OUT,P-000218,DA-0108,-6.0,ENGRO,Delivery Challan,,ENGRO,,Imported from STOCK 2026
TX-0000657,16/12/20,OUT,P-000221,DB-0502,-1.0,GTR,Delivery Challan,,GTR,,Imported from STOCK 2026
TX-0000658,4/1/20,OUT,P-000222,DB-0507,-1.0,GTR,Delivery Challan,,GTR,,Imported from STOCK 2026
TX-0000659,10/8/20,OUT,P-000224,DB-0509,-2.0,wasi,Delivery Challan,,wasi,,Imported from STOCK 2026
TX-0000660,30/10/21,OUT,P-000225,DL-0124,-2.0,NAGARIA,Delivery Challan,,NAGARIA,,Imported from STOCK 2026
TX-0000661,,OUT,P-000226,DL-0051,-4.0,,Delivery Challan,,,,Imported from STOCK 2026
TX-0000662,,OUT,P-000228,DL-0108,-1.0,MISC,Delivery Challan,,MISC,,Imported from STOCK 2026
TX-0000663,,OUT,P-000230,DD-060,-6.0,IIL,Delivery Challan,,IIL,,Imported from STOCK 2026
TX-0000664,24/12/22,OUT,P-000231,DD-040,-6.0,TATA,Delivery Challan,,TATA,,Imported from STOCK 2026
TX-0000665,24/2/22,OUT,P-000232,AC-7500,-14.0,SOORTY PEDESTRIAN RED FLAG,Delivery Challan,,SOORTY PEDESTRIAN RED FLAG,,Imported from STOCK 2026
TX-0000666,30-11-22,OUT,P-000234,AC-8520,-1.0,universal automatoin,Delivery Challan,,universal automatoin,,Imported from STOCK 2026
TX-0000667,,OUT,P-000237,AC-N8500,-2.0,TRIPACK,Delivery Challan,,TRIPACK,,Imported from STOCK 2026
TX-0000668,20/10/20,OUT,P-000239,AC-8100,-1.0,ADM,Delivery Challan,,ADM,,Imported from STOCK 2026
TX-0000669,4/3/20,OUT,P-000240,AC-8500,-6.0,LUCKY,Delivery Challan,,LUCKY,,Imported from STOCK 2026
TX-0000670,11/9/20,OUT,P-000241,AC-N8520,-4.0,TRIPACK,Delivery Challan,,TRIPACK,,Imported from STOCK 2026
TX-0000671,2/1/23,OUT,P-000242,AC-9100,-1.0,TATA BEST FOOD,Delivery Challan,,TATA BEST FOOD,,Imported from STOCK 2026
TX-0000672,26/1/23,OUT,P-000244,KLK401050BM,-2.0,WASO,Delivery Challan,,WASO,,Imported from STOCK 2026
TX-0000673,10/2/22,OUT,P-000248,KL2001250100,-1.0,AFM,Delivery Challan,,AFM,,Imported from STOCK 2026
TX-0000674,4/11/20,OUT,P-000249,CL-300,-3.0,WASI BHAI,Delivery Challan,,WASI BHAI,,Imported from STOCK 2026
TX-0000675,1/11/22,OUT,P-000256,CL-9200,-3.0,TATA BEST FOOD,Delivery Challan,,TATA BEST FOOD,,Imported from STOCK 2026
TX-0000676,29/11/21,OUT,P-000257,CL-9113A,-5.0,USED ONLY 5 HEAD TO AFM,Delivery Challan,,USED ONLY 5 HEAD TO AFM,,Imported from STOCK 2026
TX-0000677,10/10/21,OUT,P-000258,CL-100A,-1.0,ASHRAF TECHNO,Delivery Challan,,ASHRAF TECHNO,,Imported from STOCK 2026
TX-0000678,1/11/22,OUT,P-000259,CL-9103A,-4.0,TATA BEST FOOD,Delivery Challan,,TATA BEST FOOD,,Imported from STOCK 2026
TX-0000679,20/1/23,OUT,P-000264,KL2000500600M,-1.0,WASI,Delivery Challan,,WASI,,Imported from STOCK 2026
TX-0000680,,OUT,P-000265,R13040180M (U200,-1.0,Lucky,Delivery Challan,,Lucky,,Imported from STOCK 2026
TX-0000681,15/11/22,OUT,P-000266,KL2000500100M,-4.0,POPULAR FABRIC,Delivery Challan,,POPULAR FABRIC,,Imported from STOCK 2026
TX-0000682,11/9/19,OUT,P-000271,YF210151S,-2.0,CHERAT,Delivery Challan,,CHERAT,,Imported from STOCK 2026
TX-0000683,5/12/24,OUT,P-000272,YF210251S,-2.0,SOORTY,Delivery Challan,,SOORTY,,Imported from STOCK 2026
TX-0000684,9/6/20,OUT,P-000273,HZRP3008GC,-3.0,SMART SHAHZAIB,Delivery Challan,,SMART SHAHZAIB,,Imported from STOCK 2026
TX-0000685,11/8/20,OUT,P-000274,HZRM08G,-6.0,AFM,Delivery Challan,,AFM,,Imported from STOCK 2026
TX-0000686,5/11/21,OUT,P-000275,HZRS08G,-2.0,FATEH ENTERPRIZ,Delivery Challan,,FATEH ENTERPRIZ,,Imported from STOCK 2026
TX-0000687,28/7/20,OUT,P-000277,HZE7Z400,-2.0,lucky,Delivery Challan,,lucky,,Imported from STOCK 2026
TX-0000688,13/8/24,OUT,P-000279,HZE1R15GM,-1.0,OTC,Delivery Challan,,OTC,,Imported from STOCK 2026
TX-0000689,24/12/20,OUT,P-000280,HZE1R10GM,-5.0,INDIGO,Delivery Challan,,INDIGO,,Imported from STOCK 2026
TX-0000690,,OUT,P-000281,HZE2R15GM,-1.0,TNB LIBERTY POWER,Delivery Challan,,TNB LIBERTY POWER,,Imported from STOCK 2026
TX-0000691,8/7/20,OUT,P-000282,HZE0F08G,-2.0,INDIGO,Delivery Challan,,INDIGO,,Imported from STOCK 2026
TX-0000692,,OUT,P-000283,HZE1N15G,-2.0,soorty,Delivery Challan,,soorty,,Imported from STOCK 2026
TX-0000693,7/2/20,OUT,P-000284,HZE0R08GM,-2.0,OTSUKA,Delivery Challan,,OTSUKA,,Imported from STOCK 2026
TX-0000694,22/6/20,OUT,P-000287,HZRP2008GC,-1.0,OTSUKA,Delivery Challan,,OTSUKA,,Imported from STOCK 2026
TX-0000695,16/2/21,OUT,P-000289,DH-K032050,-2.0,LUCKY,Delivery Challan,,LUCKY,,Imported from STOCK 2026
TX-0000696,7/4/22,OUT,P-000291,HZE1P15G,-2.0,SOORTY,Delivery Challan,,SOORTY,,Imported from STOCK 2026
TX-0000697,17/3/20,OUT,P-000294,HZE2F15GA,-2.0,OTSUKA,Delivery Challan,,OTSUKA,,Imported from STOCK 2026
TX-0000698,,OUT,P-000299,HZE2Z501,-3.0,AFM,Delivery Challan,,AFM,,Imported from STOCK 2026
TX-0000699,15/7/22,OUT,P-000302,HZE1Z660,-6.0,SOORTY U11,Delivery Challan,,SOORTY U11,,Imported from STOCK 2026
TX-0000700,29/3/21,OUT,P-000307,HZ9P631014,-6.0,ONTEX,Delivery Challan,,ONTEX,,Imported from STOCK 2026
TX-0000701,23/8/21,OUT,P-000308,DH-200,-1.0,wasi,Delivery Challan,,wasi,,Imported from STOCK 2026
TX-0000702,21/11/24,OUT,P-000311,HC020818,-6.0,service long march,Delivery Challan,,service long march,,Imported from STOCK 2026
TX-0000703,29/3/22,OUT,P-000312,HC0206M5,-20.0,OTSUKA,Delivery Challan,,OTSUKA,,Imported from STOCK 2026
TX-0000704,11/1/25,OUT,P-000314,HC060014,-4.0,AMPQ,Delivery Challan,,AMPQ,,Imported from STOCK 2026
TX-0000705,29/12/21,OUT,P-000317,HC020618,-50.0,INDIGO,Delivery Challan,,INDIGO,,Imported from STOCK 2026
TX-0000706,21/9/23,OUT,P-000318,HC020614,-4.0,SECURITY PAPER,Delivery Challan,,SECURITY PAPER,,Imported from STOCK 2026
TX-0000707,24/3/25,OUT,P-000319,HC040606,-12.0,AMPQ,Delivery Challan,,AMPQ,,Imported from STOCK 2026
TX-0000708,24/3/25,OUT,P-000320,HC040808,-12.0,AMPQ,Delivery Challan,,AMPQ,,Imported from STOCK 2026
TX-0000709,24/3/25,OUT,P-000321,HC041010,-12.0,AMPQ,Delivery Challan,,AMPQ,,Imported from STOCK 2026
TX-0000710,21/2/25,OUT,P-000326,HC020818,-12.0,METIER,Delivery Challan,,METIER,,Imported from STOCK 2026
TX-0000711,29/7/22,OUT,P-000327,HC020814,-15.0,LUCKY,Delivery Challan,,LUCKY,,Imported from STOCK 2026
TX-0000712,25/6/25,OUT,P-000329,HC020815,-12.0,METIER,Delivery Challan,,METIER,,Imported from STOCK 2026
TX-0000713,2/12/24,OUT,P-000330,HC010838,-10.0,PAKISTAN CABLE,Delivery Challan,,PAKISTAN CABLE,,Imported from STOCK 2026
TX-0000714,21/11/24,OUT,P-000331,HC021014,-6.0,service long march,Delivery Challan,,service long march,,Imported from STOCK 2026
TX-0000715,8/1/20,OUT,P-000333,HZ9N12111080,-3.0,ZAMAN CASH,Delivery Challan,,ZAMAN CASH,,Imported from STOCK 2026
TX-0000716,3/3/20,OUT,P-000342,HZE2B15GM,-6.0,AFM,Delivery Challan,,AFM,,Imported from STOCK 2026
TX-0000717,11/8/20,OUT,P-000343,HZ9P401218,-4.0,AFM,Delivery Challan,,AFM,,Imported from STOCK 2026
TX-0000718,16/10/19,OUT,P-000345,HZE0B08GM,-15.0,LUCKY,Delivery Challan,,LUCKY,,Imported from STOCK 2026
TX-0000719,29/3/21,OUT,P-000349,HZE3R25GM,-3.0,ONTEX,Delivery Challan,,ONTEX,,Imported from STOCK 2026
TX-0000720,25/1/21,OUT,P-000350,HZE1D15GM,-1.0,SOORTY,Delivery Challan,,SOORTY,,Imported from STOCK 2026
TX-0000721,,OUT,P-000352,KL2000630100M,-2.0,CONVERT,Delivery Challan,,CONVERT,,Imported from STOCK 2026
TX-0000722,13/5/23,OUT,P-000353,KL2000630150M,-4.0,AM PQ,Delivery Challan,,AM PQ,,Imported from STOCK 2026
TX-0000723,3/3/20,OUT,P-000355,HZE2L15G,-6.0,AFM,Delivery Challan,,AFM,,Imported from STOCK 2026
TX-0000724,5/6/23,OUT,P-000357,HZE2D15GM,-1.0,LUCKY,Delivery Challan,,LUCKY,,Imported from STOCK 2026
TX-0000725,1/12/22,OUT,P-000361,KL2000320080M,-1.0,TATA BEST FOOD (MADE SINGLE ACTING,Delivery Challan,,TATA BEST FOOD (MADE SINGLE ACTING,,Imported from STOCK 2026
TX-0000726,18/9/20,OUT,P-000362,KL2000320075M,-3.0,LUCKY,Delivery Challan,,LUCKY,,Imported from STOCK 2026
TX-0000727,22/2/20,OUT,P-000363,KL2000320100M,-1.0,SAMPLE WASI DISPLAY,Delivery Challan,,SAMPLE WASI DISPLAY,,Imported from STOCK 2026
TX-0000728,20/8/20,OUT,P-000364,KL2000320050M,-6.0,cherat packaging,Delivery Challan,,cherat packaging,,Imported from STOCK 2026
TX-0000729,13/5/23,OUT,P-000370,KL2000630200M,-4.0,AM PQ,Delivery Challan,,AM PQ,,Imported from STOCK 2026
TX-0000730,9/4/25,OUT,P-000372,KL2000400030M,-2.0,GATRON,Delivery Challan,,GATRON,,Imported from STOCK 2026
TX-0000731,15/6/22,OUT,P-000374,KL2000400075M,-2.0,INDIGO AGAINST PRA/8040/F/R,Delivery Challan,,INDIGO AGAINST PRA/8040/F/R,,Imported from STOCK 2026
TX-0000732,31-9-21,OUT,P-000377,KL2000400150FM,-2.0,LUCKY,Delivery Challan,,LUCKY,,Imported from STOCK 2026
TX-0000733,20/12/22,OUT,P-000378,KL2000400125,-1.0,WASI,Delivery Challan,,WASI,,Imported from STOCK 2026
TX-0000734,,OUT,P-000380,AM-5211A,-6.0,DADEX,Delivery Challan,,DADEX,,Imported from STOCK 2026
TX-0000735,10/6/21,OUT,P-000383,AM-5163= T65C1800,-5.0,SOORTY,Delivery Challan,,SOORTY,,Imported from STOCK 2026
TX-0000736,8/3/25,OUT,P-000384,AM-5164,-3.0,AMPQ,Delivery Challan,,AMPQ,,Imported from STOCK 2026
TX-0000737,9/9/20,OUT,P-000388,M1000250040M,-2.0,GTR,Delivery Challan,,GTR,,Imported from STOCK 2026
TX-0000738,28/4/25,OUT,P-000390,M1000250025M,-2.0,GATRON,Delivery Challan,,GATRON,,Imported from STOCK 2026
TX-0000739,23/10/20,OUT,P-000391,M1000250050M,-2.0,SERVIS,Delivery Challan,,SERVIS,,Imported from STOCK 2026
TX-0000740,9/9/20,OUT,P-000394,M1000250100M,-2.0,GTR,Delivery Challan,,GTR,,Imported from STOCK 2026
TX-0000741,6/8/21,OUT,P-000395,M1000250125M,-6.0,INDIGO,Delivery Challan,,INDIGO,,Imported from STOCK 2026
TX-0000742,20/10/24,OUT,P-000396,M1000250150M,-1.0,Security Paper,Delivery Challan,,Security Paper,,Imported from STOCK 2026
TX-0000743,19/3/20,OUT,P-000399,M1000250200M,-1.0,serv,Delivery Challan,,serv,,Imported from STOCK 2026
TX-0000744,20/6/22,OUT,P-000401,RS4000320050,-6.0,SOORTY,Delivery Challan,,SOORTY,,Imported from STOCK 2026
TX-0000745,10/2/21,OUT,P-000402,RT2200320300I,-2.0,SYSCOM,Delivery Challan,,SYSCOM,,Imported from STOCK 2026
TX-0000746,20/1/23,OUT,P-000403,S1004160090M= SS0160007SM,-4.0,IPAK,Delivery Challan,,IPAK,,Imported from STOCK 2026
TX-0000747,5/1/21,OUT,P-000404,S1004160090M = SS0160007SM,-6.0,TRIPACK,Delivery Challan,,TRIPACK,,Imported from STOCK 2026
TX-0000748,,OUT,P-000405,SS0160007SM,-1.0,IPAK,Delivery Challan,,IPAK,,Imported from STOCK 2026
TX-0000749,`JUNE-23,OUT,P-000408,CP-101,-10.0,LUCKY,Delivery Challan,,LUCKY,,Imported from STOCK 2026
TX-0000750,1/1/22,OUT,P-000411,CP-9140,-3.0,"DAWLANCE , MAKE CM-9685",Delivery Challan,,"DAWLANCE , MAKE CM-9685",,Imported from STOCK 2026
TX-0000751,5/5/21,OUT,P-000412,CP-250,-1.0,SOORTY,Delivery Challan,,SOORTY,,Imported from STOCK 2026
TX-0000752,,OUT,P-000415,CP-9145,-1.0,SOORTY,Delivery Challan,,SOORTY,,Imported from STOCK 2026
TX-0000753,1/12/21,OUT,P-000418,CP-9205,-9.0,TATA,Delivery Challan,,TATA,,Imported from STOCK 2026
TX-0000754,14/3/22,OUT,P-000419,CP-9405,-2.0,SAMPLE LUCKY,Delivery Challan,,SAMPLE LUCKY,,Imported from STOCK 2026
TX-0000755,26-May,OUT,P-000422,CP-9155,-1.0,unkonwn /entry,Delivery Challan,,unkonwn /entry,,Imported from STOCK 2026
TX-0000756,,OUT,P-000423,AM-5148,-4.0,SOORTY,Delivery Challan,,SOORTY,,Imported from STOCK 2026
TX-0000757,4/4/25,OUT,P-000437,HC3418M5,-1.0,service long march,Delivery Challan,,service long march,,Imported from STOCK 2026
TX-0000758,29/11/21,OUT,P-000440,AI-3522,-9.0,AFM,Delivery Challan,,AFM,,Imported from STOCK 2026
TX-0000759,1/2/20,OUT,P-000441,AI-3522Q,-5.0,SOORTY,Delivery Challan,,SOORTY,,Imported from STOCK 2026
TX-0000760,11/3/22,OUT,P-000451,M1000160100M,-4.0,Thermec,Delivery Challan,,Thermec,,Imported from STOCK 2026
TX-0000761,,OUT,P-000453,M1000200050M,-1.0,WASI BHAI,Delivery Challan,,WASI BHAI,,Imported from STOCK 2026
TX-0000762,24/1/22,OUT,P-000460,M1000160050M,-2.0,PHARMEVO,Delivery Challan,,PHARMEVO,,Imported from STOCK 2026
TX-0000763,13/8/21,OUT,P-000473,RP2000250015,-12.0,SYSCOM,Delivery Challan,,SYSCOM,,Imported from STOCK 2026
TX-0000764,28/4/25,OUT,P-000485,KL2001000100M,-2.0,LUCKY,Delivery Challan,,LUCKY,,Imported from STOCK 2026
TX-0000765,25/6/21,OUT,P-000487,KL2001000300M,-1.0,SMART MOTION,Delivery Challan,,SMART MOTION,,Imported from STOCK 2026
TX-0000766,20/12/23,OUT,P-000488,KL2001000125M,-2.0,AMPQ,Delivery Challan,,AMPQ,,Imported from STOCK 2026
TX-0000767,2/7/20,OUT,P-000489,VQ5301-51,-1.0,DAWLANCE,Delivery Challan,,DAWLANCE,,Imported from STOCK 2026
TX-0000768,2/7/20,OUT,P-000490,VQ5401-51,-1.0,DAWLANCE,Delivery Challan,,DAWLANCE,,Imported from STOCK 2026
TX-0000769,,OUT,P-000491,MHC2-16D,-5.0,LUCKY,Delivery Challan,,LUCKY,,Imported from STOCK 2026
TX-0000770,7/5/20,OUT,P-000494,SY5120-5YO-01FQ,-1.0,wasi for shelf,Delivery Challan,,wasi for shelf,,Imported from STOCK 2026
TX-0000771,25/1/21,OUT,P-000495,SY5140-5YO-Q,-3.0,SOORTY,Delivery Challan,,SOORTY,,Imported from STOCK 2026
TX-0000772,,OUT,P-000499,EV-25-4,-1.0,,Delivery Challan,,,,Imported from STOCK 2026
TX-0000773,,OUT,P-000500,ITV1050-312N price is 132 usd lead time 3 days,-2.0,RAJBY,Delivery Challan,,RAJBY,,Imported from STOCK 2026
TX-0000774,2/5/24,OUT,P-000501,MHL2-32D1 3A1-95,-1.0,DAWLANCE,Delivery Challan,,DAWLANCE,,Imported from STOCK 2026
TX-0000775,23/11/21,OUT,P-000502,DNC-125-PPV-A,-1.0,MACPAC,Delivery Challan,,MACPAC,,Imported from STOCK 2026
TX-0000776,21/11/21,OUT,P-000504,ZCK-D08,-6.0,TATA BEST FOOD,Delivery Challan,,TATA BEST FOOD,,Imported from STOCK 2026
TX-0000777,13/6/23,OUT,P-000505,BDA6X10-3A,-2.0,BWL,Delivery Challan,,BWL,,Imported from STOCK 2026
TX-0000778,22/6/21,OUT,P-000511,sv-5101,-2.0,MERIT,Delivery Challan,,MERIT,,Imported from STOCK 2026
TX-0000779,16/6/21,OUT,P-000512,CU25-25D,-2.0,SERVIS,Delivery Challan,,SERVIS,,Imported from STOCK 2026
TX-0000780,15/6/21,OUT,P-000513,EEC0252B1-0000-AB9,-8.0,CHERAT CEMENT,Delivery Challan,,CHERAT CEMENT,,Imported from STOCK 2026
TX-0000781,15/6/21,OUT,P-000514,R900597730 ZDB10VP1,-1.0,CHERAT CEMENT,Delivery Challan,,CHERAT CEMENT,,Imported from STOCK 2026
TX-0000782,15/6/21,OUT,P-000515,ADC-5123,-1.0,TRIPACK,Delivery Challan,,TRIPACK,,Imported from STOCK 2026
TX-0000783,7/6/21,OUT,P-000516,4F210,-1.0,ENGRO,Delivery Challan,,ENGRO,,Imported from STOCK 2026
TX-0000784,10/6/21,OUT,P-000518,SK180160007,-1.0,IPAK,Delivery Challan,,IPAK,,Imported from STOCK 2026
TX-0000785,10/6/21,OUT,P-000519,SK190160007,-1.0,IPAK,Delivery Challan,,IPAK,,Imported from STOCK 2026
TX-0000786,,OUT,P-000520,SK180320007,-1.0,IMRAN CROWN CORK,Delivery Challan,,IMRAN CROWN CORK,,Imported from STOCK 2026
TX-0000787,,OUT,P-000521,SK190500007,-1.0,IMRAN CROWN CORK,Delivery Challan,,IMRAN CROWN CORK,,Imported from STOCK 2026
TX-0000788,2/8/18,OUT,P-000522,KG01100/D,-2.0,lucky textile,Delivery Challan,,lucky textile,,Imported from STOCK 2026
TX-0000789,20/8/18,OUT,P-000524,KG01050/D,-2.0,LUCKY,Delivery Challan,,LUCKY,,Imported from STOCK 2026
TX-0000790,19/4/17,OUT,P-000525,KG01063/D,-2.0,LUCKY,Delivery Challan,,LUCKY,,Imported from STOCK 2026
TX-0000791,10/8/22,OUT,P-000526,KG01125/D,-1.0,standard pneumatic,Delivery Challan,,standard pneumatic,,Imported from STOCK 2026
TX-0000792,19/3/15,OUT,P-000527,KG01080/D,-3.0,akhtar,Delivery Challan,,akhtar,,Imported from STOCK 2026
TX-0000793,,OUT,P-000528,KG01032/D,-3.0,USED TO REPAIR,Delivery Challan,,USED TO REPAIR,,Imported from STOCK 2026
TX-0000794,7/6/23,OUT,P-000531,SPCS2M10-30,-2.0,KAYSONS,Delivery Challan,,KAYSONS,,Imported from STOCK 2026
TX-0000795,14/6/23,OUT,P-000532,AP11-25A,-1.0,TATA,Delivery Challan,,TATA,,Imported from STOCK 2026
TX-0000796,22/8/23,OUT,P-000533,CQ2B40-KIT,-2.0,HUSSAIN,Delivery Challan,,HUSSAIN,,Imported from STOCK 2026
TX-0000797,17/7/23,OUT,P-000535,KL2000320050M,-6.0,AMPQ,Delivery Challan,,AMPQ,,Imported from STOCK 2026
TX-0000798,11/7/23,OUT,P-000536,KL2000630260M,-1.0,AMPQ,Delivery Challan,,AMPQ,,Imported from STOCK 2026
TX-0000799,19/7/23,OUT,P-000537,KL2000630050M,-5.0,AMPQ,Delivery Challan,,AMPQ,,Imported from STOCK 2026
TX-0000800,21/10/23,OUT,P-000538,KL2000630300M,-2.0,AMPQ,Delivery Challan,,AMPQ,,Imported from STOCK 2026
TX-0000801,14/2/25,OUT,P-000539,LNT63/90,-4.0,AFM,Delivery Challan,,AFM,,Imported from STOCK 2026
TX-0000802,28/2/24,OUT,P-000540,KL2000630500M,-1.0,MERIT PACKAGING,Delivery Challan,,MERIT PACKAGING,,Imported from STOCK 2026
TX-0000803,30/4/25,OUT,P-000541,KL2000500160M,-7.0,AFM,Delivery Challan,,AFM,,Imported from STOCK 2026
TX-0000804,12/3/25,OUT,P-000542,KL2000630090M,-4.0,AFM,Delivery Challan,,AFM,,Imported from STOCK 2026
TX-0000805,25/9/23,OUT,P-000546,CPX-FB-13,-1.0,TRIPACK,Delivery Challan,,TRIPACK,,Imported from STOCK 2026
TX-0000806,25/9/23,OUT,P-000547,VMPA14-M1H-M-PI 573718,-5.0,SOORTY,Delivery Challan,,SOORTY,,Imported from STOCK 2026
TX-0000807,25/9/23,OUT,P-000548,SY5120-5LO,-15.0,OTC,Delivery Challan,,OTC,,Imported from STOCK 2026
TX-0000808,25/6/25,OUT,P-000554,HA040418,-12.0,METIER,Delivery Challan,,METIER,,Imported from STOCK 2026
TX-0000809,20/9/24,OUT,P-000555,HA040414,-50.0,service long march,Delivery Challan,,service long march,,Imported from STOCK 2026
TX-0000810,,OUT,P-000556,HA040618,-24.0,INDIGO,Delivery Challan,,INDIGO,,Imported from STOCK 2026
TX-0000811,20/9/24,OUT,P-000557,HA040614,-50.0,service long march,Delivery Challan,,service long march,,Imported from STOCK 2026
TX-0000812,7/2/24,OUT,P-000562,HA040814,-12.0,INDIGO,Delivery Challan,,INDIGO,,Imported from STOCK 2026
TX-0000813,4/9/24,OUT,P-000563,HA040818,-24.0,MIETIER,Delivery Challan,,MIETIER,,Imported from STOCK 2026
TX-0000814,25/6/25,OUT,P-000564,HA040838,-12.0,MIETIER,Delivery Challan,,MIETIER,,Imported from STOCK 2026
TX-0000815,11/3/24,OUT,P-000566,HA041012,-12.0,INDIGO,Delivery Challan,,INDIGO,,Imported from STOCK 2026
TX-0000816,21/11/24,OUT,P-000567,HA041038,-10.0,service long march,Delivery Challan,,service long march,,Imported from STOCK 2026
TX-0000817,9/8/24,OUT,P-000569,HA041212,-24.0,INDIGO,Delivery Challan,,INDIGO,,Imported from STOCK 2026
TX-0000818,22/4/25,OUT,P-000572,HA10B1212,-12.0,METIER,Delivery Challan,,METIER,,Imported from STOCK 2026
TX-0000819,,OUT,P-000576,HA16B06M5,-18.0,,Delivery Challan,,,,Imported from STOCK 2026
TX-0000820,21/5/25,OUT,P-000577,HA16B0814,-18.0,INDIGO,Delivery Challan,,INDIGO,,Imported from STOCK 2026
TX-0000821,16/5/24,OUT,P-000579,HA16B0838,-24.0,INDIGO,Delivery Challan,,INDIGO,,Imported from STOCK 2026
TX-0000822,21/11/24,OUT,P-000586,HA190600,-10.0,service long march,Delivery Challan,,service long march,,Imported from STOCK 2026
TX-0000823,17/4/25,OUT,P-000587,HA190604,-24.0,METIER,Delivery Challan,,METIER,,Imported from STOCK 2026
TX-0000824,9/5/24,OUT,P-000588,HA190800,-18.0,INDIGO,Delivery Challan,,INDIGO,,Imported from STOCK 2026
TX-0000825,9/5/24,OUT,P-000589,HA190806,-18.0,INDIGO,Delivery Challan,,INDIGO,,Imported from STOCK 2026
TX-0000826,01/Nov/24,OUT,P-000591,HA191000,-8.0,SERVICE LONG MARCH,Delivery Challan,,SERVICE LONG MARCH,,Imported from STOCK 2026
TX-0000827,9/5/24,OUT,P-000592,HA191008,-18.0,INDIGO,Delivery Challan,,INDIGO,,Imported from STOCK 2026
TX-0000828,7/6/24,OUT,P-000593,HA191200,-24.0,INDIGO,Delivery Challan,,INDIGO,,Imported from STOCK 2026
TX-0000829,6/11/24,OUT,P-000596,HA191210,-7.0,SERVICE LONG MARCH,Delivery Challan,,SERVICE LONG MARCH,,Imported from STOCK 2026
TX-0000830,28/4/25,OUT,P-000599,HA200600,-12.0,AMPQ,Delivery Challan,,AMPQ,,Imported from STOCK 2026
TX-0000831,11/3/24,OUT,P-000600,HA200800,-12.0,INDIGO,Delivery Challan,,INDIGO,,Imported from STOCK 2026
TX-0000832,13/2/25,OUT,P-000601,HA201000,-12.0,INDIGO,Delivery Challan,,INDIGO,,Imported from STOCK 2026
TX-0000833,16/5/24,OUT,P-000602,HA201200,-24.0,INDIGO,Delivery Challan,,INDIGO,,Imported from STOCK 2026
TX-0000834,21/2/25,OUT,P-000604,HA210600,-12.0,MIETIER,Delivery Challan,,MIETIER,,Imported from STOCK 2026
TX-0000835,7/2/24,OUT,P-000605,HA210800,-18.0,INDIGO,Delivery Challan,,INDIGO,,Imported from STOCK 2026
TX-0000836,16/5/24,OUT,P-000607,HA211200,-24.0,INDIGO,Delivery Challan,,INDIGO,,Imported from STOCK 2026
TX-0000837,21/5/25,OUT,P-000608,HA211008,-18.0,INDIGO,Delivery Challan,,INDIGO,,Imported from STOCK 2026
TX-0000838,,OUT,P-000617,HA230606,-12.0,,Delivery Challan,,,,Imported from STOCK 2026
TX-0000839,,OUT,P-000618,HA230808,-12.0,,Delivery Challan,,,,Imported from STOCK 2026
TX-0000840,24/3/25,OUT,P-000619,HA231010,-12.0,AMPQ,Delivery Challan,,AMPQ,,Imported from STOCK 2026
TX-0000841,9/8/24,OUT,P-000621,HA231212,-24.0,INDIGO,Delivery Challan,,INDIGO,,Imported from STOCK 2026
TX-0000842,21/2/25,OUT,P-000622,HA270418,-12.0,MIETIER,Delivery Challan,,MIETIER,,Imported from STOCK 2026
TX-0000843,21/6/24,OUT,P-000624,HA270618,-10.0,SERVICE LONG MARCH,Delivery Challan,,SERVICE LONG MARCH,,Imported from STOCK 2026
TX-0000844,21/11/24,OUT,P-000625,HA270614,-10.0,service long march,Delivery Challan,,service long march,,Imported from STOCK 2026
TX-0000845,22/4/25,OUT,P-000627,HA270612,-12.0,METIER,Delivery Challan,,METIER,,Imported from STOCK 2026
TX-0000846,22/4/25,OUT,P-000628,HA270812,-12.0,METIER,Delivery Challan,,METIER,,Imported from STOCK 2026
TX-0000847,7/2/24,OUT,P-000629,HA270814,-24.0,INDIGO,Delivery Challan,,INDIGO,,Imported from STOCK 2026
TX-0000848,27/8/24,OUT,P-000630,HA270818,-12.0,INDIGO,Delivery Challan,,INDIGO,,Imported from STOCK 2026
TX-0000849,31/10/24,OUT,P-000631,HA270838,-18.0,INDIGO,Delivery Challan,,INDIGO,,Imported from STOCK 2026
TX-0000850,,OUT,P-000632,HA271018,-18.0,,Delivery Challan,,,,Imported from STOCK 2026
TX-0000851,18/3/25,OUT,P-000633,HA271012,-18.0,INDIGO,Delivery Challan,,INDIGO,,Imported from STOCK 2026
TX-0000852,21/11/24,OUT,P-000634,HA271014,-10.0,service long march,Delivery Challan,,service long march,,Imported from STOCK 2026
TX-0000853,21/11/24,OUT,P-000635,HA271038,-10.0,service long march,Delivery Challan,,service long march,,Imported from STOCK 2026
TX-0000854,22/4/25,OUT,P-000637,HA271238,-12.0,METIER,Delivery Challan,,METIER,,Imported from STOCK 2026
TX-0000855,20/6/25,OUT,P-000645,HA241006,-18.0,INDIGO (TO MAKE 10X6 socket),Delivery Challan,,INDIGO (TO MAKE 10X6 socket),,Imported from STOCK 2026
TX-0000856,30/1/25,OUT,P-000651,LONG ELBOW,-30.0,AMPQ,Delivery Challan,,AMPQ,,Imported from STOCK 2026
TX-0000857,24/3/25,OUT,P-000652,HA041014,-24.0,AMPQ,Delivery Challan,,AMPQ,,Imported from STOCK 2026
TX-0000858,18/1/25,OUT,P-000656,DNC-125-PPV,-1.0,AM-2,Delivery Challan,,AM-2,,Imported from STOCK 2026
TX-0000859,,OUT,P-000657,1062-1-DNS,-2.0,IPAK,Delivery Challan,,IPAK,,Imported from STOCK 2026
TX-0000860,18/1/25,OUT,P-000659,CPMT 120308Z,-20.0,BWL,Delivery Challan,,BWL,,Imported from STOCK 2026
TX-0000861,11/05/2020,OUT,P-000003,AA-0184,-6.0,ENGRO,Delivery Challan,,ENGRO,,Imported from STOCK 2026
TX-0000862,11/05/2020,OUT,P-000005,AA-0450,-6.0,ENGRO,Delivery Challan,,ENGRO,,Imported from STOCK 2026
TX-0000863,29/11/2022,OUT,P-000007,AA-0211,-1.0,SOORTY ZOHAIB,Delivery Challan,,SOORTY ZOHAIB,,Imported from STOCK 2026
TX-0000864,20/10/2023,OUT,P-000008,AB-0888,-4.0,ECOPACK,Delivery Challan,,ECOPACK,,Imported from STOCK 2026
TX-0000865,16/12/2020,OUT,P-000010,AB-0687,-1.0,GTR,Delivery Challan,,GTR,,Imported from STOCK 2026
TX-0000866,,OUT,P-000012,AB-0819 = VT315-025G 0-,-2.0,SOORTY ARGUS,Delivery Challan,,SOORTY ARGUS,,Imported from STOCK 2026
TX-0000867,16/12/2020,OUT,P-000015,AB-0900,-1.0,GTR,Delivery Challan,,GTR,,Imported from STOCK 2026
TX-0000868,17/01/2022,OUT,P-000016,AB-0822 =M/49A NORGREN,-3.0,SOORTY,Delivery Challan,,SOORTY,,Imported from STOCK 2026
TX-0000869,20/06/2022,OUT,P-000018,AM-5201,-4.0,URIL,Delivery Challan,,URIL,,Imported from STOCK 2026
TX-0000870,15/02/2025,OUT,P-000020,AI-9100M,-8.0,NAZEER DYEING,Delivery Challan,,NAZEER DYEING,,Imported from STOCK 2026
TX-0000871,,OUT,P-000022,AI-3500,-7.0,afm,Delivery Challan,,afm,,Imported from STOCK 2026
TX-0000872,17/04/2021,OUT,P-000030,AG-3051 AG-3050,-1.0,wasi- w/o coil,Delivery Challan,,wasi- w/o coil,,Imported from STOCK 2026
TX-0000873,13/08/2021,OUT,P-000031,AG-3222,-1.0,syscom,Delivery Challan,,syscom,,Imported from STOCK 2026
TX-0000874,26/1/24,OUT,P-000034,AF-2540,-4.0,CONVERT AF-2540 INTO AG-3020 BY ADD HARD SPRING TO AUTOMATION TECHNOLOGY,Delivery Challan,,CONVERT AF-2540 INTO AG-3020 BY ADD HARD SPRING TO AUTOMATION TECHNOLOGY,,Imported from STOCK 2026
TX-0000875,,OUT,P-000036,AF-2530,-1.0,CONVERT AF-2530 INTO AG-3081 BY ADD HARD SPRING TO AUTOMATION TECHNOLOGY,Delivery Challan,,CONVERT AF-2530 INTO AG-3081 BY ADD HARD SPRING TO AUTOMATION TECHNOLOGY,,Imported from STOCK 2026
TX-0000876,16/11/2024,OUT,P-000041,AC-9500,-1.0,ALI ENTERPRIZE CONVERT AC-9120,Delivery Challan,,ALI ENTERPRIZE CONVERT AC-9120,,Imported from STOCK 2026
TX-0000877,28/01/2021,OUT,P-000049,KLK401032BM,-4.0,EXPIRED,Delivery Challan,,EXPIRED,,Imported from STOCK 2026
TX-0000878,13/02/2020,OUT,P-000059,KLK401100BM,-8.0,AFM,Delivery Challan,,AFM,,Imported from STOCK 2026
TX-0000879,,OUT,P-000060,AG-3020,-2.0,AUTOMATION TECHNOLOGY,Delivery Challan,,AUTOMATION TECHNOLOGY,,Imported from STOCK 2026
TX-0000880,10/12/2021,OUT,P-000061,AG-3040,-1.0,waqar supplier on approval,Delivery Challan,,waqar supplier on approval,,Imported from STOCK 2026
TX-0000881,02/03/2020,OUT,P-000062,AF-2510,-5.0,TNB LIBERTY,Delivery Challan,,TNB LIBERTY,,Imported from STOCK 2026
TX-0000882,15/02/2021,OUT,P-000064,AF-2545,-1.0,DADEX,Delivery Challan,,DADEX,,Imported from STOCK 2026
TX-0000883,,OUT,P-000066,AF-9665,-2.0,,Delivery Challan,,,,Imported from STOCK 2026
TX-0000884,4/3/22,OUT,P-000067,AF-9670,-1.0,CONTINENTAL PLASTIC,Delivery Challan,,CONTINENTAL PLASTIC,,Imported from STOCK 2026
TX-0000885,25/03/2023,OUT,P-000069,AG-3081,-1.0,AUTOMATION TECHNOLOGY,Delivery Challan,,AUTOMATION TECHNOLOGY,,Imported from STOCK 2026
TX-0000886,19/08/2021,OUT,P-000077,BE-3000,-5.0,otc 1 old stock,Delivery Challan,,otc 1 old stock,,Imported from STOCK 2026
TX-0000887,20/6/22,OUT,P-000113,BDA-4240,-1.0,SOORTY AS SAMPLE,Delivery Challan,,SOORTY AS SAMPLE,,Imported from STOCK 2026
TX-0000888,,OUT,P-000123,OFSW-32,-2.0,,Delivery Challan,,,,Imported from STOCK 2026
TX-0000889,19/08/2021,OUT,P-000127,BF-1068,-2.0,OTC,Delivery Challan,,OTC,,Imported from STOCK 2026
TX-0000890,19/08/2021,OUT,P-000128,BF-1072,-6.0,OTC,Delivery Challan,,OTC,,Imported from STOCK 2026
TX-0000891,1/7/2020,OUT,P-000140,`,-2.0,SYSCOM,Delivery Challan,,SYSCOM,,Imported from STOCK 2026
TX-0000892,26/6/23,OUT,P-000142,CM-600,-6.0,LUCKY,Delivery Challan,,LUCKY,,Imported from STOCK 2026
TX-0000893,08/09/2022,OUT,P-000143,G-6240,-4.0,WASI,Delivery Challan,,WASI,,Imported from STOCK 2026
TX-0000894,09/10/2024,OUT,P-000144,G-6250,-12.0,WASI,Delivery Challan,,WASI,,Imported from STOCK 2026
TX-0000895,11/12/2023,OUT,P-000150,G-6233,-1.0,NAZEER DYEING,Delivery Challan,,NAZEER DYEING,,Imported from STOCK 2026
TX-0000896,,OUT,P-000159,CM-9413A,-2.0,,Delivery Challan,,,,Imported from STOCK 2026
TX-0000897,12/02/2021,OUT,P-000161,CM-9602A,-6.0,DADEX,Delivery Challan,,DADEX,,Imported from STOCK 2026
TX-0000898,,OUT,P-000164,CM-9680,-1.0,,Delivery Challan,,,,Imported from STOCK 2026
TX-0000899,05/05/2021,OUT,P-000174,CM-430,-1.0,SOORTY,Delivery Challan,,SOORTY,,Imported from STOCK 2026
TX-0000900,05/11/2020,OUT,P-000176,EL22F250,-1.0,wasi for shelf,Delivery Challan,,wasi for shelf,,Imported from STOCK 2026
TX-0000901,01/11/2024,OUT,P-000181,EL22F355,-1.0,SERVICE LONG MARCH,Delivery Challan,,SERVICE LONG MARCH,,Imported from STOCK 2026
TX-0000902,14/9/19,OUT,P-000182,CL-9300,-6.0,siddiqson,Delivery Challan,,siddiqson,,Imported from STOCK 2026
TX-0000903,23/04/2021,OUT,P-000187,CM-9590,-1.0,SOORTY,Delivery Challan,,SOORTY,,Imported from STOCK 2026
TX-0000904,15/09/2020,OUT,P-000189,CM-413A,-1.0,soorty,Delivery Challan,,soorty,,Imported from STOCK 2026
TX-0000905,08/03/2025,OUT,P-000194,CM-423,-3.0,AMPQ,Delivery Challan,,AMPQ,,Imported from STOCK 2026
TX-0000906,27/2/22,OUT,P-000199,E-0220 (E-0270),-2.0,H&h ENTERPRIZE,Delivery Challan,,H&h ENTERPRIZE,,Imported from STOCK 2026
TX-0000907,11/12/2021,OUT,P-000207,AI-9400,-2.0,SOORTY,Delivery Challan,,SOORTY,,Imported from STOCK 2026
TX-0000908,06/05/2021,OUT,P-000211,DA-0124,-1.0,GTR,Delivery Challan,,GTR,,Imported from STOCK 2026
TX-0000909,01/10/2019,OUT,P-000213,DA-0051,-2.0,TRIPACK,Delivery Challan,,TRIPACK,,Imported from STOCK 2026
TX-0000910,07/06/2021,OUT,P-000216,DA-0106,-4.0,GTR,Delivery Challan,,GTR,,Imported from STOCK 2026
TX-0000911,09/09/2020,OUT,P-000217,DA-0058,-1.0,TNB LIBERTY,Delivery Challan,,TNB LIBERTY,,Imported from STOCK 2026
TX-0000912,15/9/2021,OUT,P-000218,DA-0108,-2.0,DADEX,Delivery Challan,,DADEX,,Imported from STOCK 2026
TX-0000913,25/05/2023,OUT,P-000219,DB-0510,-1.0,SCILIFE,Delivery Challan,,SCILIFE,,Imported from STOCK 2026
TX-0000914,5-4-21 + 15-4-21,OUT,P-000221,DB-0502,-2.0,soorty,Delivery Challan,,soorty,,Imported from STOCK 2026
TX-0000915,,OUT,P-000222,DB-0507,-4.0,,Delivery Challan,,,,Imported from STOCK 2026
TX-0000916,15/02/2021,OUT,P-000224,DB-0509,-1.0,DADEX,Delivery Challan,,DADEX,,Imported from STOCK 2026
TX-0000917,04/11/2024,OUT,P-000225,DL-0124,-2.0,SERVISE LONG MARCH,Delivery Challan,,SERVISE LONG MARCH,,Imported from STOCK 2026
TX-0000918,1/5/22,OUT,P-000226,DL-0051,-4.0,soorty,Delivery Challan,,soorty,,Imported from STOCK 2026
TX-0000919,08/09/2022,OUT,P-000229,DD-051,-4.0,WASI,Delivery Challan,,WASI,,Imported from STOCK 2026
TX-0000920,,OUT,P-000230,DD-060,-2.0,,Delivery Challan,,,,Imported from STOCK 2026
TX-0000921,,OUT,P-000231,DD-040,-3.0,,Delivery Challan,,,,Imported from STOCK 2026
TX-0000922,16/03/2024,OUT,P-000232,AC-7500,-2.0,OTC,Delivery Challan,,OTC,,Imported from STOCK 2026
TX-0000923,16/03/2024,OUT,P-000233,AC-7100,-2.0,OTC MAKE IT SOLENOID,Delivery Challan,,OTC MAKE IT SOLENOID,,Imported from STOCK 2026
TX-0000924,27/10/23,OUT,P-000234,AC-8520,-1.0,PCL,Delivery Challan,,PCL,,Imported from STOCK 2026
TX-0000925,21/02/2024,OUT,P-000236,AC-8740,-2.0,RAJBY,Delivery Challan,,RAJBY,,Imported from STOCK 2026
TX-0000926,2/10/19,OUT,P-000237,AC-N8500,-4.0,TRIPACK,Delivery Challan,,TRIPACK,,Imported from STOCK 2026
TX-0000927,14-10-20 + 22-10-20,OUT,P-000239,AC-8100,-2.0,BALUCHISTAN WHEEL,Delivery Challan,,BALUCHISTAN WHEEL,,Imported from STOCK 2026
TX-0000928,22/09/2020,OUT,P-000240,AC-8500,-6.0,LUCKY,Delivery Challan,,LUCKY,,Imported from STOCK 2026
TX-0000929,11/9/20,OUT,P-000241,AC-N8520,-2.0,TRIPACK,Delivery Challan,,TRIPACK,,Imported from STOCK 2026
TX-0000930,26/06/2023,OUT,P-000249,CL-300,-4.0,MADE CM-600 TO LUCKY,Delivery Challan,,MADE CM-600 TO LUCKY,,Imported from STOCK 2026
TX-0000931,06/12/2024,OUT,P-000257,CL-9113A,-4.0,AFM,Delivery Challan,,AFM,,Imported from STOCK 2026
TX-0000932,,OUT,P-000259,CL-9103A,-2.0,,Delivery Challan,,,,Imported from STOCK 2026
TX-0000933,24/1/23,OUT,P-000264,KL2000500600M,-1.0,WASI,Delivery Challan,,WASI,,Imported from STOCK 2026
TX-0000934,13/11/19,OUT,P-000271,YF210151S,-2.0,CHERAT,Delivery Challan,,CHERAT,,Imported from STOCK 2026
TX-0000935,01/07/2020,OUT,P-000273,HZRP3008GC,-1.0,SMART SHAHZAIB,Delivery Challan,,SMART SHAHZAIB,,Imported from STOCK 2026
TX-0000936,12/02/2021,OUT,P-000274,HZRM08G,-4.0,DADEX,Delivery Challan,,DADEX,,Imported from STOCK 2026
TX-0000937,,OUT,P-000275,HZRS08G,-2.0,MERIT,Delivery Challan,,MERIT,,Imported from STOCK 2026
TX-0000938,25/01/2021,OUT,P-000277,HZE7Z400,-1.0,SOORTY,Delivery Challan,,SOORTY,,Imported from STOCK 2026
TX-0000939,12/02/2025,OUT,P-000279,HZE1R15GM,-1.0,CULLIGAN,Delivery Challan,,CULLIGAN,,Imported from STOCK 2026
TX-0000940,22/06/2021,OUT,P-000281,HZE2R15GM,-1.0,MERIT,Delivery Challan,,MERIT,,Imported from STOCK 2026
TX-0000941,5/3/22,OUT,P-000284,HZE0R08GM,-2.0,OTSUKA,Delivery Challan,,OTSUKA,,Imported from STOCK 2026
TX-0000942,,OUT,P-000285,HZE05R08GM,-6.0,AFM,Delivery Challan,,AFM,,Imported from STOCK 2026
TX-0000943,,OUT,P-000299,HZE2Z501,-2.0,,Delivery Challan,,,,Imported from STOCK 2026
TX-0000944,25/06/2021,OUT,P-000307,HZ9P631014,-3.0,MERIT,Delivery Challan,,MERIT,,Imported from STOCK 2026
TX-0000945,21/09/2023,OUT,P-000312,HC0206M5,-2.0,SECURITY PAPER,Delivery Challan,,SECURITY PAPER,,Imported from STOCK 2026
TX-0000946,24/04/2025,OUT,P-000314,HC060014,-2.0,AMPQ,Delivery Challan,,AMPQ,,Imported from STOCK 2026
TX-0000947,21/09/2023,OUT,P-000317,HC020618,-2.0,SECURITY PAPER,Delivery Challan,,SECURITY PAPER,,Imported from STOCK 2026
TX-0000948,21/11/2024,OUT,P-000318,HC020614,-6.0,service long march,Delivery Challan,,service long march,,Imported from STOCK 2026
TX-0000949,11/11/2022,OUT,P-000326,HC020818,-70.0,ACCRESCENT (PEPSI),Delivery Challan,,ACCRESCENT (PEPSI),,Imported from STOCK 2026
TX-0000950,11/11/2022,OUT,P-000327,HC020814,-100.0,ACCRESCENT (PEPSI),Delivery Challan,,ACCRESCENT (PEPSI),,Imported from STOCK 2026
TX-0000951,8/7/20,OUT,P-000342,HZE2B15GM,-1.0,INDIGO,Delivery Challan,,INDIGO,,Imported from STOCK 2026
TX-0000952,08/01/2020,OUT,P-000345,HZE0B08GM,-3.0,INDIGO,Delivery Challan,,INDIGO,,Imported from STOCK 2026
TX-0000953,,OUT,P-000346,HZE0L08GM,-10.0,,Delivery Challan,,,,Imported from STOCK 2026
TX-0000954,19/05/2021,OUT,P-000350,HZE1D15GM,-3.0,AM6,Delivery Challan,,AM6,,Imported from STOCK 2026
TX-0000955,,OUT,P-000352,KL2000630100M,-1.0,SECURITY PAPER,Delivery Challan,,SECURITY PAPER,,Imported from STOCK 2026
TX-0000956,19/03/2020,OUT,P-000355,HZE2L15G,-2.0,lucky,Delivery Challan,,lucky,,Imported from STOCK 2026
TX-0000957,23/12/2023,OUT,P-000357,HZE2D15GM,-2.0,AFM,Delivery Challan,,AFM,,Imported from STOCK 2026
TX-0000958,15/02/2023,OUT,P-000360,KL2000400100M,-4.0,NAZEER,Delivery Challan,,NAZEER,,Imported from STOCK 2026
TX-0000959,18/9/20,OUT,P-000363,KL2000320100M,-3.0,LUCKY,Delivery Challan,,LUCKY,,Imported from STOCK 2026
TX-0000960,08/07/2023,OUT,P-000370,KL2000630200M,-2.0,AMPQ,Delivery Challan,,AMPQ,,Imported from STOCK 2026
TX-0000961,21/03/2024,OUT,P-000371,KL2000400025M,-1.0,AM-16 ART MILL,Delivery Challan,,AM-16 ART MILL,,Imported from STOCK 2026
TX-0000962,,OUT,P-000380,AM-5211A,-7.0,POWER,Delivery Challan,,POWER,,Imported from STOCK 2026
TX-0000963,08/03/2021,OUT,P-000388,M1000250040M,-1.0,GTR,Delivery Challan,,GTR,,Imported from STOCK 2026
TX-0000964,27/02/2021,OUT,P-000391,M1000250050M,-2.0,SERVIS,Delivery Challan,,SERVIS,,Imported from STOCK 2026
TX-0000965,08/03/2021,OUT,P-000394,M1000250100M,-1.0,GTR,Delivery Challan,,GTR,,Imported from STOCK 2026
TX-0000966,05/04/2024,OUT,P-000395,M1000250125M,-1.0,TRIPACK,Delivery Challan,,TRIPACK,,Imported from STOCK 2026
TX-0000967,13/8/21,OUT,P-000402,RT2200320300I,-3.0,SYSCOM,Delivery Challan,,SYSCOM,,Imported from STOCK 2026
TX-0000968,09/03/2024,OUT,P-000403,S1004160090M= SS0160007SM,-2.0,TRIPACK,Delivery Challan,,TRIPACK,,Imported from STOCK 2026
TX-0000969,,OUT,P-000405,SS0160007SM,-3.0,IPAK,Delivery Challan,,IPAK,,Imported from STOCK 2026
TX-0000970,,OUT,P-000415,CP-9145,-2.0,,Delivery Challan,,,,Imported from STOCK 2026
TX-0000971,,OUT,P-000418,CP-9205,-4.0,,Delivery Challan,,,,Imported from STOCK 2026
TX-0000972,04/05/2023,OUT,P-000419,CP-9405,-6.0,TATA BEST FOOD,Delivery Challan,,TATA BEST FOOD,,Imported from STOCK 2026
TX-0000973,,OUT,P-000423,AM-5148,-8.0,DAWLANCE,Delivery Challan,,DAWLANCE,,Imported from STOCK 2026
TX-0000974,15/9/20,OUT,P-000441,AI-3522Q,-1.0,SOORTY,Delivery Challan,,SOORTY,,Imported from STOCK 2026
TX-0000975,,OUT,P-000473,RP2000250015,-4.0,SYSCOM,Delivery Challan,,SYSCOM,,Imported from STOCK 2026
TX-0000976,30/06/2021,OUT,P-000489,VQ5301-51,-1.0,DAWLANCE,Delivery Challan,,DAWLANCE,,Imported from STOCK 2026
TX-0000977,30/06/2021,OUT,P-000490,VQ5401-51,-1.0,DAWLANCE,Delivery Challan,,DAWLANCE,,Imported from STOCK 2026
TX-0000978,12/02/2021,OUT,P-000491,MHC2-16D,-3.0,LUCKY,Delivery Challan,,LUCKY,,Imported from STOCK 2026
TX-0000979,,OUT,P-000494,SY5120-5YO-01FQ,-1.0,SOORTY NORIABAD,Delivery Challan,,SOORTY NORIABAD,,Imported from STOCK 2026
TX-0000980,26/03/2021,OUT,P-000495,SY5140-5YO-Q,-3.0,SOORTY,Delivery Challan,,SOORTY,,Imported from STOCK 2026
TX-0000981,,OUT,P-000504,ZCK-D08,-4.0,,Delivery Challan,,,,Imported from STOCK 2026
TX-0000982,14/03/2025,OUT,P-000522,KG01100/D,-8.0,AMPQ,Delivery Challan,,AMPQ,,Imported from STOCK 2026
TX-0000983,25/10/2018,OUT,P-000524,KG01050/D,-4.0,LUCKY,Delivery Challan,,LUCKY,,Imported from STOCK 2026
TX-0000984,27/7/19,OUT,P-000525,KG01063/D,-4.0,LUCKY,Delivery Challan,,LUCKY,,Imported from STOCK 2026
TX-0000985,22/12/2020,OUT,P-000526,KG01125/D,-5.0,LUCKY,Delivery Challan,,LUCKY,,Imported from STOCK 2026
TX-0000986,12/08/2015,OUT,P-000527,KG01080/D,-1.0,"put in 63 dia cyl,",Delivery Challan,,"put in 63 dia cyl,",,Imported from STOCK 2026
TX-0000987,01/03/2025,OUT,P-000533,CQ2B40-KIT,-4.0,WASI,Delivery Challan,,WASI,,Imported from STOCK 2026
TX-0000988,19/7/23,OUT,P-000536,KL2000630260M,-1.0,AMPQ,Delivery Challan,,AMPQ,,Imported from STOCK 2026
TX-0000989,01/09/2024,OUT,P-000556,HA040618,-24.0,INDIGO,Delivery Challan,,INDIGO,,Imported from STOCK 2026
TX-0000990,21/11/2024,OUT,P-000557,HA040614,-10.0,service long march,Delivery Challan,,service long march,,Imported from STOCK 2026
TX-0000991,17/10/2024,OUT,P-000562,HA040814,-24.0,INDIGO,Delivery Challan,,INDIGO,,Imported from STOCK 2026
TX-0000992,21/11/2024,OUT,P-000563,HA040818,-10.0,service long march,Delivery Challan,,service long march,,Imported from STOCK 2026
TX-0000993,11/3/24,OUT,P-000566,HA041012,-30.0,UNION,Delivery Challan,,UNION,,Imported from STOCK 2026
TX-0000994,10/06/2024,OUT,P-000567,HA041038,-24.0,SERVUCE GUJRAT,Delivery Challan,,SERVUCE GUJRAT,,Imported from STOCK 2026
TX-0000995,30/8/24,OUT,P-000569,HA041212,-60.0,SERVICE LONG MARCH,Delivery Challan,,SERVICE LONG MARCH,,Imported from STOCK 2026
TX-0000996,31/10/2024,OUT,P-000579,HA16B0838,-18.0,INDIGO,Delivery Challan,,INDIGO,,Imported from STOCK 2026
TX-0000997,,OUT,P-000586,HA190600,-24.0,,Delivery Challan,,,,Imported from STOCK 2026
TX-0000998,,OUT,P-000588,HA190800,-24.0,,Delivery Challan,,,,Imported from STOCK 2026
TX-0000999,16/5/24,OUT,P-000589,HA190806,-24.0,INDIGO,Delivery Challan,,INDIGO,,Imported from STOCK 2026
TX-0001000,01/Nov/24,OUT,P-000591,HA191000,-8.0,SERVICE LONG MARCH,Delivery Challan,,SERVICE LONG MARCH,,Imported from STOCK 2026
TX-0001001,06/11/2024,OUT,P-000592,HA191008,-12.0,SERVICE LONG MARCH,Delivery Challan,,SERVICE LONG MARCH,,Imported from STOCK 2026
TX-0001002,31/08/2024,OUT,P-000593,HA191200,-12.0,INDIGO,Delivery Challan,,INDIGO,,Imported from STOCK 2026
TX-0001003,21/11/2024,OUT,P-000596,HA191210,-10.0,service long march,Delivery Challan,,service long march,,Imported from STOCK 2026
TX-0001004,8/4/24,OUT,P-000600,HA200800,-18.0,INDIGO,Delivery Challan,,INDIGO,,Imported from STOCK 2026
TX-0001005,28/04/2025,OUT,P-000604,HA210600,-12.0,AMPQ,Delivery Challan,,AMPQ,,Imported from STOCK 2026
TX-0001006,16/5/24,OUT,P-000605,HA210800,-24.0,INDIGO,Delivery Challan,,INDIGO,,Imported from STOCK 2026
TX-0001007,09/08/2024,OUT,P-000617,HA230606,-24.0,INDIGO,Delivery Challan,,INDIGO,,Imported from STOCK 2026
TX-0001008,09/08/2024,OUT,P-000618,HA230808,-24.0,INDIGO,Delivery Challan,,INDIGO,,Imported from STOCK 2026
TX-0001009,,OUT,P-000622,HA270418,-24.0,,Delivery Challan,,,,Imported from STOCK 2026
TX-0001010,27/8/24,OUT,P-000624,HA270618,-12.0,INDIGO,Delivery Challan,,INDIGO,,Imported from STOCK 2026
TX-0001011,13/01/2025,OUT,P-000625,HA270614,-24.0,SERVICE LONG MARCH,Delivery Challan,,SERVICE LONG MARCH,,Imported from STOCK 2026
TX-0001012,27/05/2025,OUT,P-000627,HA270612,-18.0,INDIGO,Delivery Challan,,INDIGO,,Imported from STOCK 2026
TX-0001013,22/05/2025,OUT,P-000628,HA270812,-18.0,INDIGO,Delivery Challan,,INDIGO,,Imported from STOCK 2026
TX-0001014,21/11/2024,OUT,P-000629,HA270814,-10.0,service long march,Delivery Challan,,service long march,,Imported from STOCK 2026
TX-0001015,31/10/2024,OUT,P-000630,HA270818,-18.0,INDIGO,Delivery Challan,,INDIGO,,Imported from STOCK 2026
TX-0001016,11/01/2025,OUT,P-000632,HA271018,-18.0,INDIGO,Delivery Challan,,INDIGO,,Imported from STOCK 2026
TX-0001017,24/04/2025,OUT,P-000633,HA271012,-17.0,AMPQ,Delivery Challan,,AMPQ,,Imported from STOCK 2026
TX-0001018,26/12/2024,OUT,P-000634,HA271014,-12.0,INDIGO,Delivery Challan,,INDIGO,,Imported from STOCK 2026
TX-0001019,26/12/2024,OUT,P-000635,HA271038,-12.0,INDIGO,Delivery Challan,,INDIGO,,Imported from STOCK 2026
TX-0001020,24/3/25,OUT,P-000652,HA041014,-12.0,AMPQ,Delivery Challan,,AMPQ,,Imported from STOCK 2026
TX-0001021,18/1/25,OUT,P-000657,1062-1-DNS,-4.0,IPAK,Delivery Challan,,IPAK,,Imported from STOCK 2026
TX-0001022,31/3/21,OUT,P-000010,AB-0687,-1.0,GTR,Delivery Challan,,GTR,,Imported from STOCK 2026
TX-0001023,16-Dec-23,OUT,P-000012,AB-0819 = VT315-025G 0-,-6.0,SOORTY,Delivery Challan,,SOORTY,,Imported from STOCK 2026
TX-0001024,31/3/21,OUT,P-000015,AB-0900,-1.0,GTR,Delivery Challan,,GTR,,Imported from STOCK 2026
TX-0001025,31/10/24,OUT,P-000016,AB-0822 =M/49A NORGREN,-1.0,AKHTAR BHAI,Delivery Challan,,AKHTAR BHAI,,Imported from STOCK 2026
TX-0001026,1/2/22,OUT,P-000030,AG-3051 AG-3050,-2.0,WASI,Delivery Challan,,WASI,,Imported from STOCK 2026
TX-0001027,14/3/23,OUT,P-000033,AG-3232,-1.0,SYSCOM,Delivery Challan,,SYSCOM,,Imported from STOCK 2026
TX-0001028,2/5/25,OUT,P-000034,AF-2540,-2.0,CONVERT AF-2540 INTO AG-3081 by add hard spring and close hold in diaphram TO AUTOMATION TECHNOLOGY,Delivery Challan,,CONVERT AF-2540 INTO AG-3081 by add hard spring and close hold in diaphram TO AUTOMATION TECHNOLOGY,,Imported from STOCK 2026
TX-0001029,18/9/23,OUT,P-000036,AF-2530,-1.0,CONVERT AF-2530 INTO AG-3081 BY ADD HARD SPRING TO WASI BHAI,Delivery Challan,,CONVERT AF-2530 INTO AG-3081 BY ADD HARD SPRING TO WASI BHAI,,Imported from STOCK 2026
TX-0001030,16/11/24,OUT,P-000041,AC-9500,-1.0,USE REAR COVER TO MAKE AC-9120,Delivery Challan,,USE REAR COVER TO MAKE AC-9120,,Imported from STOCK 2026
TX-0001031,22/1/21,OUT,P-000049,KLK401032BM,-1.0,LUCKY,Delivery Challan,,LUCKY,,Imported from STOCK 2026
TX-0001032,8/5/24,OUT,P-000059,KLK401100BM,-1.0,AMPQ,Delivery Challan,,AMPQ,,Imported from STOCK 2026
TX-0001033,31/8/23,OUT,P-000060,AG-3020,-1.0,"CONVERT TO AG-3081 TO AUTOMATION TECHNOLOGY BY ADDING BUSH 3/8""",Delivery Challan,,"CONVERT TO AG-3081 TO AUTOMATION TECHNOLOGY BY ADDING BUSH 3/8""",,Imported from STOCK 2026
TX-0001034,16/6/25,OUT,P-000061,AG-3040,-1.0,"New ERA--Req AG-3020 , GIVE AG-3040",Delivery Challan,,"New ERA--Req AG-3020 , GIVE AG-3040",,Imported from STOCK 2026
TX-0001035,9/9/20,OUT,P-000062,AF-2510,-1.0,TNB LIBERTY,Delivery Challan,,TNB LIBERTY,,Imported from STOCK 2026
TX-0001036,20/5/23,OUT,P-000069,AG-3081,-2.0,AUTOMATION TECHNOLOGY,Delivery Challan,,AUTOMATION TECHNOLOGY,,Imported from STOCK 2026
TX-0001037,21/10/21,OUT,P-000123,OFSW-32,-1.0,union steel,Delivery Challan,,union steel,,Imported from STOCK 2026
TX-0001038,8/2/21,OUT,P-000140,`,-6.0,INDIGO,Delivery Challan,,INDIGO,,Imported from STOCK 2026
TX-0001039,25/7/24,OUT,P-000142,CM-600,-10.0,AM-2,Delivery Challan,,AM-2,,Imported from STOCK 2026
TX-0001040,18/4/25,OUT,P-000144,G-6250,-5.0,WASI,Delivery Challan,,WASI,,Imported from STOCK 2026
TX-0001041,15/2/25,OUT,P-000150,G-6233,-4.0,NAZEER DYEING,Delivery Challan,,NAZEER DYEING,,Imported from STOCK 2026
TX-0001042,12/1/23,OUT,P-000159,CM-9413A,-6.0,AFM,Delivery Challan,,AFM,,Imported from STOCK 2026
TX-0001043,12/2/21,OUT,P-000161,CM-9602A,-1.0,make double to single for dadex,Delivery Challan,,make double to single for dadex,,Imported from STOCK 2026
TX-0001044,8/3/25,OUT,P-000174,CM-430,-2.0,SOORTY,Delivery Challan,,SOORTY,,Imported from STOCK 2026
TX-0001045,23/4/21,OUT,P-000175,CM-9520,-2.0,SOORTY MAKE CM-9590,Delivery Challan,,SOORTY MAKE CM-9590,,Imported from STOCK 2026
TX-0001046,26/4/21,OUT,P-000176,EL22F250,-1.0,ETEC SUPPLIER,Delivery Challan,,ETEC SUPPLIER,,Imported from STOCK 2026
TX-0001047,15/9/20,OUT,P-000182,CL-9300,-2.0,DADEX,Delivery Challan,,DADEX,,Imported from STOCK 2026
TX-0001048,21/11/2022,OUT,P-000199,E-0220 (E-0270),-2.0,Security Paper,Delivery Challan,,Security Paper,,Imported from STOCK 2026
TX-0001049,16/8/21,OUT,P-000211,DA-0124,-10.0,cherat,Delivery Challan,,cherat,,Imported from STOCK 2026
TX-0001050,,OUT,P-000213,DA-0051,-6.0,CHERAT,Delivery Challan,,CHERAT,,Imported from STOCK 2026
TX-0001051,21/3/22,OUT,P-000216,DA-0106,-2.0,soorty for be-3940,Delivery Challan,,soorty for be-3940,,Imported from STOCK 2026
TX-0001052,30/9/2020,OUT,P-000218,DA-0108,-2.0,DADEX,Delivery Challan,,DADEX,,Imported from STOCK 2026
TX-0001053,7/11/23,OUT,P-000219,DB-0510,-1.0,GETZ PHARMA,Delivery Challan,,GETZ PHARMA,,Imported from STOCK 2026
TX-0001054,31/3/21,OUT,P-000221,DB-0502,-1.0,GTR,Delivery Challan,,GTR,,Imported from STOCK 2026
TX-0001055,,OUT,P-000222,DB-0507,-1.0,,Delivery Challan,,,,Imported from STOCK 2026
TX-0001056,,OUT,P-000224,DB-0509,-2.0,,Delivery Challan,,,,Imported from STOCK 2026
TX-0001057,23/1/23,OUT,P-000226,DL-0051,-2.0,FARRUKH,Delivery Challan,,FARRUKH,,Imported from STOCK 2026
TX-0001058,27/01/2023,OUT,P-000229,DD-051,-12.0,ALI INDUSTRIAL WAQAR,Delivery Challan,,ALI INDUSTRIAL WAQAR,,Imported from STOCK 2026
TX-0001059,3/12/20,OUT,P-000230,DD-060,-12.0,WASI BHAI,Delivery Challan,,WASI BHAI,,Imported from STOCK 2026
TX-0001060,,OUT,P-000237,AC-N8500,-3.0,power cement,Delivery Challan,,power cement,,Imported from STOCK 2026
TX-0001061,19/1/21,OUT,P-000239,AC-8100,-6.0,LUCKY,Delivery Challan,,LUCKY,,Imported from STOCK 2026
TX-0001062,26/4/21,OUT,P-000240,AC-8500,-2.0,ADM,Delivery Challan,,ADM,,Imported from STOCK 2026
TX-0001063,4/12/20,OUT,P-000241,AC-N8520,-1.0,TRIPACK,Delivery Challan,,TRIPACK,,Imported from STOCK 2026
TX-0001064,15/8/23,OUT,P-000249,CL-300,-4.0,ATTOCK REFINERY,Delivery Challan,,ATTOCK REFINERY,,Imported from STOCK 2026
TX-0001065,,OUT,P-000259,CL-9103A,-2.0,AFM CONVERT CL-9113A,Delivery Challan,,AFM CONVERT CL-9113A,,Imported from STOCK 2026
TX-0001066,1/1/22,OUT,P-000274,HZRM08G,-1.0,AFM,Delivery Challan,,AFM,,Imported from STOCK 2026
TX-0001067,29/10/22,OUT,P-000275,HZRS08G,-12.0,POPULAR FABRIC,Delivery Challan,,POPULAR FABRIC,,Imported from STOCK 2026
TX-0001068,19/5/21,OUT,P-000277,HZE7Z400,-3.0,AM6,Delivery Challan,,AM6,,Imported from STOCK 2026
TX-0001069,14/4/25,OUT,P-000281,HZE2R15GM,-5.0,SERVICE LONG MARCH,Delivery Challan,,SERVICE LONG MARCH,,Imported from STOCK 2026
TX-0001070,8/7/20,OUT,P-000284,HZE0R08GM,-2.0,INDIGO,Delivery Challan,,INDIGO,,Imported from STOCK 2026
TX-0001071,18/3/25,OUT,P-000285,HZE05R08GM,-8.0,AFM,Delivery Challan,,AFM,,Imported from STOCK 2026
TX-0001072,29/3/21,OUT,P-000299,HZE2Z501,-3.0,ONTEX,Delivery Challan,,ONTEX,,Imported from STOCK 2026
TX-0001073,28/12/23,OUT,P-000307,HZ9P631014,-2.0,AMPQ,Delivery Challan,,AMPQ,,Imported from STOCK 2026
TX-0001074,24/3/25,OUT,P-000308,DH-200,-2.0,RAJBY,Delivery Challan,,RAJBY,,Imported from STOCK 2026
TX-0001075,8/4/25,OUT,P-000312,HC0206M5,-50.0,URIL DAWLANCE,Delivery Challan,,URIL DAWLANCE,,Imported from STOCK 2026
TX-0001076,18/4/25,OUT,P-000317,HC020618,-12.0,METIER,Delivery Challan,,METIER,,Imported from STOCK 2026
TX-0001077,20/2/25,OUT,P-000326,HC020818,-12.0,METIER,Delivery Challan,,METIER,,Imported from STOCK 2026
TX-0001078,29/1/24,OUT,P-000327,HC020814,-12.0,AMPQ,Delivery Challan,,AMPQ,,Imported from STOCK 2026
TX-0001079,28/7/20,OUT,P-000342,HZE2B15GM,-2.0,lucky,Delivery Challan,,lucky,,Imported from STOCK 2026
TX-0001080,09/05/2024,OUT,P-000344,HZE0D08GM,-7.0,AFM,Delivery Challan,,AFM,,Imported from STOCK 2026
TX-0001081,8/7/20,OUT,P-000345,HZE0B08GM,-6.0,INDIGO,Delivery Challan,,INDIGO,,Imported from STOCK 2026
TX-0001082,8/7/20,OUT,P-000346,HZE0L08GM,-6.0,INDIGO,Delivery Challan,,INDIGO,,Imported from STOCK 2026
TX-0001083,1/5/21,OUT,P-000350,HZE1D15GM,-3.0,SECURITY PAPER,Delivery Challan,,SECURITY PAPER,,Imported from STOCK 2026
TX-0001084,,OUT,P-000352,KL2000630100M,-2.0,AMPQ,Delivery Challan,,AMPQ,,Imported from STOCK 2026
TX-0001085,29/5/25,OUT,P-000357,HZE2D15GM,-2.0,AMPQ,Delivery Challan,,AMPQ,,Imported from STOCK 2026
TX-0001086,,OUT,P-000370,KL2000630200M,-1.0,,Delivery Challan,,,,Imported from STOCK 2026
TX-0001087,,OUT,P-000380,AM-5211A,-20.0,MISC,Delivery Challan,,MISC,,Imported from STOCK 2026
TX-0001088,5/1/22,OUT,P-000388,M1000250040M,-1.0,GTR,Delivery Challan,,GTR,,Imported from STOCK 2026
TX-0001089,14/12/21,OUT,P-000391,M1000250050M,-2.0,SERVIS,Delivery Challan,,SERVIS,,Imported from STOCK 2026
TX-0001090,,OUT,P-000394,M1000250100M,-1.0,,Delivery Challan,,,,Imported from STOCK 2026
TX-0001091,9/3/24,OUT,P-000405,SS0160007SM,-1.0,TRIPACK S1004160009M =SS0160007SM,Delivery Challan,,TRIPACK S1004160009M =SS0160007SM,,Imported from STOCK 2026
TX-0001092,,OUT,P-000423,AM-5148,-4.0,,Delivery Challan,,,,Imported from STOCK 2026
TX-0001093,17/11/22,OUT,P-000473,RP2000250015,-4.0,SYSCOM,Delivery Challan,,SYSCOM,,Imported from STOCK 2026
TX-0001094,22/11/21,OUT,P-000489,VQ5301-51,-1.0,DAWLANCE,Delivery Challan,,DAWLANCE,,Imported from STOCK 2026
TX-0001095,22/4/21,OUT,P-000495,SY5140-5YO-Q,-1.0,SOORTY,Delivery Challan,,SOORTY,,Imported from STOCK 2026
TX-0001096,28/11/24,OUT,P-000504,ZCK-D08,-10.0,TATA BEST FOOD,Delivery Challan,,TATA BEST FOOD,,Imported from STOCK 2026
TX-0001097,12/4/22,OUT,P-000525,KG01063/D,-5.0,AUTOMATION TECHNOLOGY,Delivery Challan,,AUTOMATION TECHNOLOGY,,Imported from STOCK 2026
TX-0001098,13/2/21,OUT,P-000526,KG01125/D,-1.0,LUCKY,Delivery Challan,,LUCKY,,Imported from STOCK 2026
TX-0001099,2/5/17,OUT,P-000527,KG01080/D,-2.0,GTR,Delivery Challan,,GTR,,Imported from STOCK 2026
TX-0001100,29-Jan-25,OUT,P-000556,HA040618,-24.0,MONDLEEZE,Delivery Challan,,MONDLEEZE,,Imported from STOCK 2026
TX-0001101,,OUT,P-000557,HA040614,-40.0,,Delivery Challan,,,,Imported from STOCK 2026
TX-0001102,31/10/24,OUT,P-000562,HA040814,-24.0,indigo,Delivery Challan,,indigo,,Imported from STOCK 2026
TX-0001103,5/12/24,OUT,P-000563,HA040818,-24.0,indigo,Delivery Challan,,indigo,,Imported from STOCK 2026
TX-0001104,21/5/25,OUT,P-000566,HA041012,-18.0,INDIGO,Delivery Challan,,INDIGO,,Imported from STOCK 2026
TX-0001105,21/2/25,OUT,P-000569,HA041212,-20.0,Mietier,Delivery Challan,,Mietier,,Imported from STOCK 2026
TX-0001106,6/12/24,OUT,P-000579,HA16B0838,-24.0,INDIGO,Delivery Challan,,INDIGO,,Imported from STOCK 2026
TX-0001107,6/7/24,OUT,P-000586,HA190600,-24.0,METIER,Delivery Challan,,METIER,,Imported from STOCK 2026
TX-0001108,6/7/24,OUT,P-000588,HA190800,-24.0,METIER,Delivery Challan,,METIER,,Imported from STOCK 2026
TX-0001109,6/7/24,OUT,P-000589,HA190806,-24.0,METIER,Delivery Challan,,METIER,,Imported from STOCK 2026
TX-0001110,21/11/24,OUT,P-000591,HA191000,-10.0,service long march,Delivery Challan,,service long march,,Imported from STOCK 2026
TX-0001111,21/11/24,OUT,P-000592,HA191008,-10.0,service long march,Delivery Challan,,service long march,,Imported from STOCK 2026
TX-0001112,21/11/24,OUT,P-000593,HA191200,-10.0,service long march,Delivery Challan,,service long march,,Imported from STOCK 2026
TX-0001113,29/11/24,OUT,P-000596,HA191210,-12.0,service long march,Delivery Challan,,service long march,,Imported from STOCK 2026
TX-0001114,28/4/25,OUT,P-000600,HA200800,-24.0,AMPQ,Delivery Challan,,AMPQ,,Imported from STOCK 2026
TX-0001115,31/10/24,OUT,P-000605,HA210800,-24.0,INDIGO,Delivery Challan,,INDIGO,,Imported from STOCK 2026
TX-0001116,21/2/25,OUT,P-000617,HA230606,-12.0,MIETIER,Delivery Challan,,MIETIER,,Imported from STOCK 2026
TX-0001117,24/3/25,OUT,P-000618,HA230808,-12.0,AMPQ,Delivery Challan,,AMPQ,,Imported from STOCK 2026
TX-0001118,20/09/2024,OUT,P-000624,HA270618,-12.0,SERVICE LONG MARCH,Delivery Challan,,SERVICE LONG MARCH,,Imported from STOCK 2026
TX-0001119,24/3/25,OUT,P-000625,HA270614,-18.0,AMPQ,Delivery Challan,,AMPQ,,Imported from STOCK 2026
TX-0001120,31/12/24,OUT,P-000629,HA270814,-18.0,INDIGO,Delivery Challan,,INDIGO,,Imported from STOCK 2026
TX-0001121,21/11/24,OUT,P-000630,HA270818,-10.0,service long march,Delivery Challan,,service long march,,Imported from STOCK 2026
TX-0001122,10/12/2024,OUT,P-000631,HA270838,-24.0,INDIGO,Delivery Challan,,INDIGO,,Imported from STOCK 2026
TX-0001123,12/2/2025,OUT,P-000632,HA271018,-24.0,SOORTY,Delivery Challan,,SOORTY,,Imported from STOCK 2026
TX-0001124,31/12/24,OUT,P-000634,HA271014,-18.0,INDIGO,Delivery Challan,,INDIGO,,Imported from STOCK 2026
TX-0001125,23/5/25,OUT,P-000635,HA271038,-48.0,MISSING,Delivery Challan,,MISSING,,Imported from STOCK 2026
TX-0001126,28/4/25,OUT,P-000652,HA041014,-12.0,INDIGO,Delivery Challan,,INDIGO,,Imported from STOCK 2026
TX-0001127,],OUT,P-000003,AA-0184,-3.0,SOORTY,Delivery Challan,,SOORTY,,Imported from STOCK 2026
TX-0001128,6/5/21,OUT,P-000010,AB-0687,-1.0,GTR,Delivery Challan,,GTR,,Imported from STOCK 2026
TX-0001129,6/5/21,OUT,P-000015,AB-0900,-1.0,GTR,Delivery Challan,,GTR,,Imported from STOCK 2026
TX-0001130,7/11/24,OUT,P-000016,AB-0822 =M/49A NORGREN,-2.0,AKHTAR BHAI,Delivery Challan,,AKHTAR BHAI,,Imported from STOCK 2026
TX-0001131,21/Jun/22,OUT,P-000030,AG-3051 AG-3050,-1.0,WASI,Delivery Challan,,WASI,,Imported from STOCK 2026
TX-0001132,16/Sep/24,OUT,P-000033,AG-3232,-1.0,WASI,Delivery Challan,,WASI,,Imported from STOCK 2026
TX-0001133,28/9/23,OUT,P-000036,AF-2530,-2.0,CONVERT AF-2530 INTO AG-3081 BY ADD HARD SPRING TO AUTOMATION TECHNOLOGY,Delivery Challan,,CONVERT AF-2530 INTO AG-3081 BY ADD HARD SPRING TO AUTOMATION TECHNOLOGY,,Imported from STOCK 2026
TX-0001134,12/May/21,OUT,P-000049,KLK401032BM,-4.0,SIDDIQSON,Delivery Challan,,SIDDIQSON,,Imported from STOCK 2026
TX-0001135,,OUT,P-000060,AG-3020,-1.0,,Delivery Challan,,,,Imported from STOCK 2026
TX-0001136,06/May/21,OUT,P-000062,AF-2510,-1.0,GTR,Delivery Challan,,GTR,,Imported from STOCK 2026
TX-0001137,23/Oct/21,OUT,P-000140,`,-3.0,PROTECTALL,Delivery Challan,,PROTECTALL,,Imported from STOCK 2026
TX-0001138,11/Jun/25,OUT,P-000142,CM-600,-2.0,Qadri Group,Delivery Challan,,Qadri Group,,Imported from STOCK 2026
TX-0001139,06/Dec/24,OUT,P-000159,CM-9413A,-7.0,AFM,Delivery Challan,,AFM,,Imported from STOCK 2026
TX-0001140,07/Jun/22,OUT,P-000161,CM-9602A,-4.0,SOORTY,Delivery Challan,,SOORTY,,Imported from STOCK 2026
TX-0001141,18-6-21. 22-6-21,OUT,P-000176,EL22F250,-1.0,MERIT,Delivery Challan,,MERIT,,Imported from STOCK 2026
TX-0001142,05/Dec/24,OUT,P-000183,CL-9303A,-2.0,AFM CONVER CL-9113A,Delivery Challan,,AFM CONVER CL-9113A,,Imported from STOCK 2026
TX-0001143,23/Jan/24,OUT,P-000199,E-0220 (E-0270),-5.0,TATA TEXTILE,Delivery Challan,,TATA TEXTILE,,Imported from STOCK 2026
TX-0001144,30/11/21,OUT,P-000211,DA-0124,-3.0,ADNAN PCL,Delivery Challan,,ADNAN PCL,,Imported from STOCK 2026
TX-0001145,07/Nov/20,OUT,P-000213,DA-0051,-2.0,LUCKY,Delivery Challan,,LUCKY,,Imported from STOCK 2026
TX-0001146,12/May/22,OUT,P-000216,DA-0106,-2.0,soorty for be-3940,Delivery Challan,,soorty for be-3940,,Imported from STOCK 2026
TX-0001147,12/2/21,OUT,P-000218,DA-0108,-8.0,DADEX,Delivery Challan,,DADEX,,Imported from STOCK 2026
TX-0001148,11/Mar/23,OUT,P-000219,DB-0510,-1.0,GETZ PHARMA,Delivery Challan,,GETZ PHARMA,,Imported from STOCK 2026
TX-0001149,06/05/2021,OUT,P-000221,DB-0502,-1.0,GTR,Delivery Challan,,GTR,,Imported from STOCK 2026
TX-0001150,,OUT,P-000222,DB-0507,-1.0,,Delivery Challan,,,,Imported from STOCK 2026
TX-0001151,16/Mar/23,OUT,P-000224,DB-0509,-4.0,DAWLANCE,Delivery Challan,,DAWLANCE,,Imported from STOCK 2026
TX-0001152,,OUT,P-000226,DL-0051,-10.0,MIS,Delivery Challan,,MIS,,Imported from STOCK 2026
TX-0001153,,OUT,P-000229,DD-051,-12.0,MISC,Delivery Challan,,MISC,,Imported from STOCK 2026
TX-0001154,01/Mar/23,OUT,P-000230,DD-060,-15.0,AM-PQ,Delivery Challan,,AM-PQ,,Imported from STOCK 2026
TX-0001155,22-Feb-21,OUT,P-000237,AC-N8500,-6.0,power cement,Delivery Challan,,power cement,,Imported from STOCK 2026
TX-0001156,20/May/21,OUT,P-000240,AC-8500,-6.0,LUCKY,Delivery Challan,,LUCKY,,Imported from STOCK 2026
TX-0001157,15/Feb/21,OUT,P-000241,AC-N8520,-2.0,TRIPACK,Delivery Challan,,TRIPACK,,Imported from STOCK 2026
TX-0001158,05/Jun/23,OUT,P-000277,HZE7Z400,-1.0,LUCKY,Delivery Challan,,LUCKY,,Imported from STOCK 2026
TX-0001159,28/Jul/20,OUT,P-000284,HZE0R08GM,-5.0,ATIF ALAM,Delivery Challan,,ATIF ALAM,,Imported from STOCK 2026
TX-0001160,18/Mar/25,OUT,P-000285,HZE05R08GM,-2.0,AFM,Delivery Challan,,AFM,,Imported from STOCK 2026
TX-0001161,19/May/21,OUT,P-000299,HZE2Z501,-3.0,AM6,Delivery Challan,,AM6,,Imported from STOCK 2026
TX-0001162,07/Feb/24,OUT,P-000327,HC020814,-24.0,INDIGO,Delivery Challan,,INDIGO,,Imported from STOCK 2026
TX-0001163,11-Aug-20,OUT,P-000342,HZE2B15GM,-4.0,AFM,Delivery Challan,,AFM,,Imported from STOCK 2026
TX-0001164,28/Apr/25,OUT,P-000344,HZE0D08GM,-3.0,lucky,Delivery Challan,,lucky,,Imported from STOCK 2026
TX-0001165,13/Oct/20,OUT,P-000345,HZE0B08GM,-2.0,lucky,Delivery Challan,,lucky,,Imported from STOCK 2026
TX-0001166,07/Jun/21,OUT,P-000350,HZE1D15GM,-3.0,INDIGO,Delivery Challan,,INDIGO,,Imported from STOCK 2026
TX-0001167,28/Nov/24,OUT,P-000352,KL2000630100M,-2.0,SECURITY PAPER,Delivery Challan,,SECURITY PAPER,,Imported from STOCK 2026
TX-0001168,,OUT,P-000380,AM-5211A,-97.0,MISC,Delivery Challan,,MISC,,Imported from STOCK 2026
TX-0001169,21/Apr/22,OUT,P-000388,M1000250040M,-1.0,GTR,Delivery Challan,,GTR,,Imported from STOCK 2026
TX-0001170,03/May/23,OUT,P-000391,M1000250050M,-2.0,SERVIS,Delivery Challan,,SERVIS,,Imported from STOCK 2026
TX-0001171,14/12/21,OUT,P-000394,M1000250100M,-2.0,SERVIS,Delivery Challan,,SERVIS,,Imported from STOCK 2026
TX-0001172,26/Apr/21,OUT,P-000423,AM-5148,-2.0,ADM,Delivery Challan,,ADM,,Imported from STOCK 2026
TX-0001173,25/3/24,OUT,P-000473,RP2000250015,-2.0,SYSCOM,Delivery Challan,,SYSCOM,,Imported from STOCK 2026
TX-0001174,27/9/21,OUT,P-000495,SY5140-5YO-Q,-4.0,SOORTY,Delivery Challan,,SOORTY,,Imported from STOCK 2026
TX-0001175,15/3/2023,OUT,P-000525,KG01063/D,-2.0,SOORTY,Delivery Challan,,SOORTY,,Imported from STOCK 2026
TX-0001176,13/2/21,OUT,P-000526,KG01125/D,-1.0,STANDARD FARRUKH,Delivery Challan,,STANDARD FARRUKH,,Imported from STOCK 2026
TX-0001177,,OUT,P-000527,KG01080/D,-3.0,,Delivery Challan,,,,Imported from STOCK 2026
TX-0001178,20/Jan/25,OUT,P-000556,HA040618,-50.0,TRIPACK,Delivery Challan,,TRIPACK,,Imported from STOCK 2026
TX-0001179,24/Mar/25,OUT,P-000557,HA040614,-18.0,AMPQ,Delivery Challan,,AMPQ,,Imported from STOCK 2026
TX-0001180,21/Nov/24,OUT,P-000562,HA040814,-10.0,service long march,Delivery Challan,,service long march,,Imported from STOCK 2026
TX-0001181,21/Feb/25,OUT,P-000563,HA040818,-24.0,MIETIER,Delivery Challan,,MIETIER,,Imported from STOCK 2026
TX-0001182,23/May/25,OUT,P-000566,HA041012,-27.0,MISSING,Delivery Challan,,MISSING,,Imported from STOCK 2026
TX-0001183,20/6/25,OUT,P-000569,HA041212,-12.0,INDIGO,Delivery Challan,,INDIGO,,Imported from STOCK 2026
TX-0001184,13/Feb/25,OUT,P-000579,HA16B0838,-12.0,INDIGO,Delivery Challan,,INDIGO,,Imported from STOCK 2026
TX-0001185,01/Nov/24,OUT,P-000586,HA190600,-10.0,SERVICE LONG MARCH,Delivery Challan,,SERVICE LONG MARCH,,Imported from STOCK 2026
TX-0001186,20/Sep/24,OUT,P-000588,HA190800,-12.0,INDIGO,Delivery Challan,,INDIGO,,Imported from STOCK 2026
TX-0001187,21/Nov/24,OUT,P-000589,HA190806,-10.0,service long march,Delivery Challan,,service long march,,Imported from STOCK 2026
TX-0001188,31/Dec/24,OUT,P-000591,HA191000,-18.0,INDIGO,Delivery Challan,,INDIGO,,Imported from STOCK 2026
TX-0001189,29/Nov/24,OUT,P-000592,HA191008,-12.0,service long march,Delivery Challan,,service long march,,Imported from STOCK 2026
TX-0001190,25/Jun/25,OUT,P-000593,HA191200,-18.0,INDIGO,Delivery Challan,,INDIGO,,Imported from STOCK 2026
TX-0001191,05/Dec/24,OUT,P-000605,HA210800,-24.0,INDIGO,Delivery Challan,,INDIGO,,Imported from STOCK 2026
TX-0001192,24/Mar/25,OUT,P-000617,HA230606,-12.0,AMPQ,Delivery Challan,,AMPQ,,Imported from STOCK 2026
TX-0001193,20/12/25,OUT,P-000624,HA270618,-24.0,MONDELEZ,Delivery Challan,,MONDELEZ,,Imported from STOCK 2026
TX-0001194,04/04/2025,OUT,P-000625,HA270614,-50.0,SERVICE LONG MARCH,Delivery Challan,,SERVICE LONG MARCH,,Imported from STOCK 2026
TX-0001195,14/Jan/25,OUT,P-000629,HA270814,-18.0,INDIGO,Delivery Challan,,INDIGO,,Imported from STOCK 2026
TX-0001196,31/Dec/24,OUT,P-000630,HA270818,-18.0,INDIGO,Delivery Challan,,INDIGO,,Imported from STOCK 2026
TX-0001197,26/12/24,OUT,P-000631,HA270838,-12.0,AMPQ,Delivery Challan,,AMPQ,,Imported from STOCK 2026
TX-0001198,4/1/25,OUT,P-000634,HA271014,-18.0,INDIGO,Delivery Challan,,INDIGO,,Imported from STOCK 2026
TX-0001199,5/5/25,OUT,P-000652,HA041014,-18.0,INDIGO,Delivery Challan,,INDIGO,,Imported from STOCK 2026
TX-0001200,9/3/23,OUT,P-000003,AA-0184,-6.0,ENGRO,Delivery Challan,,ENGRO,,Imported from STOCK 2026
TX-0001201,2/9/21,OUT,P-000010,AB-0687,-1.0,GTR,Delivery Challan,,GTR,,Imported from STOCK 2026
TX-0001202,2/9/21,OUT,P-000015,AB-0900,-1.0,GTR,Delivery Challan,,GTR,,Imported from STOCK 2026
TX-0001203,25/May/23,OUT,P-000030,AG-3051 AG-3050,-1.0,SCILIFE,Delivery Challan,,SCILIFE,,Imported from STOCK 2026
TX-0001204,23/Jun/25,OUT,P-000033,AG-3232,-1.0,IMC TRADER,Delivery Challan,,IMC TRADER,,Imported from STOCK 2026
TX-0001205,30/10/23,OUT,P-000036,AF-2530,-1.0,CONVERT AF-2530 INTO AG-3081 BY ADD HARD SPRING TO AUTOMATION TECHNOLOGY,Delivery Challan,,CONVERT AF-2530 INTO AG-3081 BY ADD HARD SPRING TO AUTOMATION TECHNOLOGY,,Imported from STOCK 2026
TX-0001206,12/Jun/21,OUT,P-000062,AF-2510,-1.0,SOORTY,Delivery Challan,,SOORTY,,Imported from STOCK 2026
TX-0001207,28/2/2023,OUT,P-000140,`,-5.0,NEXTREMETECH,Delivery Challan,,NEXTREMETECH,,Imported from STOCK 2026
TX-0001208,5/12/2024,OUT,P-000161,CM-9602A,-4.0,AFM conver CM-9113A,Delivery Challan,,AFM conver CM-9113A,,Imported from STOCK 2026
TX-0001209,30/10/21,OUT,P-000176,EL22F250,-2.0,NAGARIA TEXTILE,Delivery Challan,,NAGARIA TEXTILE,,Imported from STOCK 2026
TX-0001210,05/Dec/24,OUT,P-000182,CL-9300,-1.0,AFM CONVER CL-9300,Delivery Challan,,AFM CONVER CL-9300,,Imported from STOCK 2026
TX-0001211,,OUT,P-000211,DA-0124,-13.0,,Delivery Challan,,,,Imported from STOCK 2026
TX-0001212,03/Mar/20,OUT,P-000213,DA-0051,-6.0,AFM,Delivery Challan,,AFM,,Imported from STOCK 2026
TX-0001213,,OUT,P-000216,DA-0106,-8.0,,Delivery Challan,,,,Imported from STOCK 2026
TX-0001214,04/Feb/22,OUT,P-000218,DA-0108,-3.0,ALI ENTERPRIZES,Delivery Challan,,ALI ENTERPRIZES,,Imported from STOCK 2026
TX-0001215,09/Jul/24,OUT,P-000219,DB-0510,-3.0,GETZ PHARMA,Delivery Challan,,GETZ PHARMA,,Imported from STOCK 2026
TX-0001216,,OUT,P-000221,DB-0502,-15.0,MISS,Delivery Challan,,MISS,,Imported from STOCK 2026
TX-0001217,24/2/2024,OUT,P-000224,DB-0509,-1.0,TRIPACK,Delivery Challan,,TRIPACK,,Imported from STOCK 2026
TX-0001218,,OUT,P-000226,DL-0051,-2.0,SERVISE,Delivery Challan,,SERVISE,,Imported from STOCK 2026
TX-0001219,,OUT,P-000229,DD-051,-6.0,,Delivery Challan,,,,Imported from STOCK 2026
TX-0001220,23/Jan/24,OUT,P-000230,DD-060,-5.0,AMPQ,Delivery Challan,,AMPQ,,Imported from STOCK 2026
TX-0001221,22/Feb/21,OUT,P-000237,AC-N8500,-1.0,POWER CEMENT,Delivery Challan,,POWER CEMENT,,Imported from STOCK 2026
TX-0001222,30/11/2021,OUT,P-000240,AC-8500,-3.0,ADNAN PCL,Delivery Challan,,ADNAN PCL,,Imported from STOCK 2026
TX-0001223,30/11/2021,OUT,P-000241,AC-N8520,-2.0,ADNAN PCL,Delivery Challan,,ADNAN PCL,,Imported from STOCK 2026
TX-0001224,07/Feb/24,OUT,P-000275,HZRS08G,-10.0,INDIGO,Delivery Challan,,INDIGO,,Imported from STOCK 2026
TX-0001225,09/Oct/20,OUT,P-000284,HZE0R08GM,-2.0,CHERAT PACK,Delivery Challan,,CHERAT PACK,,Imported from STOCK 2026
TX-0001226,11/3/2025,OUT,P-000285,HZE05R08GM,-4.0,AMOQ,Delivery Challan,,AMOQ,,Imported from STOCK 2026
TX-0001227,13/Jun/23,OUT,P-000299,HZE2Z501,-1.0,AFM,Delivery Challan,,AFM,,Imported from STOCK 2026
TX-0001228,11/Aug/20,OUT,P-000342,HZE2B15GM,-4.0,AFM,Delivery Challan,,AFM,,Imported from STOCK 2026
TX-0001229,,OUT,P-000345,HZE0B08GM,-1.0,NEW WHEEL,Delivery Challan,,NEW WHEEL,,Imported from STOCK 2026
TX-0001230,07/Apr/22,OUT,P-000350,HZE1D15GM,-2.0,SOORTY,Delivery Challan,,SOORTY,,Imported from STOCK 2026
TX-0001231,25/10/2022,OUT,P-000388,M1000250040M,-1.0,GTR,Delivery Challan,,GTR,,Imported from STOCK 2026
TX-0001232,07/Jun/22,OUT,P-000423,AM-5148,-4.0,SOORTY,Delivery Challan,,SOORTY,,Imported from STOCK 2026
TX-0001233,25/3/24,OUT,P-000473,RP2000250015,-1.0,SYSCOM,Delivery Challan,,SYSCOM,,Imported from STOCK 2026
TX-0001234,2/11/21,OUT,P-000495,SY5140-5YO-Q,-3.0,HM TRADER HAMID,Delivery Challan,,HM TRADER HAMID,,Imported from STOCK 2026
TX-0001235,25/1/2025,OUT,P-000525,KG01063/D,-2.0,STYLE TEXTILE,Delivery Challan,,STYLE TEXTILE,,Imported from STOCK 2026
TX-0001236,5/3/2019,OUT,P-000527,KG01080/D,-4.0,LUCKY,Delivery Challan,,LUCKY,,Imported from STOCK 2026
TX-0001237,24-Apr,OUT,P-000556,HA040618,-34.0,AMPQ,Delivery Challan,,AMPQ,,Imported from STOCK 2026
TX-0001238,04/Apr/25,OUT,P-000557,HA040614,-50.0,long march,Delivery Challan,,long march,,Imported from STOCK 2026
TX-0001239,13/2/2025,OUT,P-000562,HA040814,-24.0,INDIGO,Delivery Challan,,INDIGO,,Imported from STOCK 2026
TX-0001240,,OUT,P-000563,HA040818,-18.0,,Delivery Challan,,,,Imported from STOCK 2026
TX-0001241,01/Nov/24,OUT,P-000586,HA190600,-10.0,SERVICE LONG MARCH,Delivery Challan,,SERVICE LONG MARCH,,Imported from STOCK 2026
TX-0001242,17/Oct/24,OUT,P-000588,HA190800,-24.0,INDIGO,Delivery Challan,,INDIGO,,Imported from STOCK 2026
TX-0001243,11/Jan/25,OUT,P-000591,HA191000,-12.0,service long march,Delivery Challan,,service long march,,Imported from STOCK 2026
TX-0001244,11/Jan/25,OUT,P-000592,HA191008,-12.0,service long march,Delivery Challan,,service long march,,Imported from STOCK 2026
TX-0001245,13-Feb,OUT,P-000605,HA210800,-24.0,INDIGO,Delivery Challan,,INDIGO,,Imported from STOCK 2026
TX-0001246,02/May/25,OUT,P-000617,HA230606,-24.0,LUCKY,Delivery Challan,,LUCKY,,Imported from STOCK 2026
TX-0001247,31/12/24,OUT,P-000624,HA270618,-18.0,INDIGO,Delivery Challan,,INDIGO,,Imported from STOCK 2026
TX-0001248,22/04/2025,OUT,P-000625,HA270614,-24.0,METIER,Delivery Challan,,METIER,,Imported from STOCK 2026
TX-0001249,04/Jan/25,OUT,P-000629,HA270814,-18.0,INDIGO,Delivery Challan,,INDIGO,,Imported from STOCK 2026
TX-0001250,13/1/2025,OUT,P-000630,HA270818,-24.0,SERVICE LONG MARCH,Delivery Challan,,SERVICE LONG MARCH,,Imported from STOCK 2026
TX-0001251,13/Feb/25,OUT,P-000631,HA270838,-24.0,INDIGO,Delivery Challan,,INDIGO,,Imported from STOCK 2026
TX-0001252,27/1/25,OUT,P-000634,HA271014,-18.0,INDIGO,Delivery Challan,,INDIGO,,Imported from STOCK 2026
TX-0001253,23/5/25,OUT,P-000652,HA041014,-12.0,SOORTY WITH AF-2510,Delivery Challan,,SOORTY WITH AF-2510,,Imported from STOCK 2026
TX-0001254,6/6/24,OUT,P-000003,AA-0184,-4.0,Ehtisham brother sup,Delivery Challan,,Ehtisham brother sup,,Imported from STOCK 2026
TX-0001255,07/Nov/23,OUT,P-000030,AG-3051 AG-3050,-1.0,GETZ PHARMA,Delivery Challan,,GETZ PHARMA,,Imported from STOCK 2026
TX-0001256,1/11/23,OUT,P-000036,AF-2530,-1.0,CONVERT AF-2530 INTO AG-3081 BY ADD HARD SPRING TO AUTOMATION TECHNOLOGY,Delivery Challan,,CONVERT AF-2530 INTO AG-3081 BY ADD HARD SPRING TO AUTOMATION TECHNOLOGY,,Imported from STOCK 2026
TX-0001257,11/12/2021,OUT,P-000062,AF-2510,-1.0,SOORTY,Delivery Challan,,SOORTY,,Imported from STOCK 2026
TX-0001258,30/5/2023,OUT,P-000140,`,-4.0,MUZAMMIL SUP,Delivery Challan,,MUZAMMIL SUP,,Imported from STOCK 2026
TX-0001259,15,OUT,P-000161,CM-9602A,-4.0,RAJBY CONVERT AC-8500,Delivery Challan,,RAJBY CONVERT AC-8500,,Imported from STOCK 2026
TX-0001260,7/6/2022,OUT,P-000176,EL22F250,-4.0,SOORTY,Delivery Challan,,SOORTY,,Imported from STOCK 2026
TX-0001261,04/Mar/20,OUT,P-000211,DA-0124,-1.0,ATIF ALAM,Delivery Challan,,ATIF ALAM,,Imported from STOCK 2026
TX-0001262,04/Mar/20,OUT,P-000213,DA-0051,-6.0,LUCKY,Delivery Challan,,LUCKY,,Imported from STOCK 2026
TX-0001263,9/3/23,OUT,P-000218,DA-0108,-6.0,ENGRO,Delivery Challan,,ENGRO,,Imported from STOCK 2026
TX-0001264,02/09/2021,OUT,P-000221,DB-0502,-1.0,GTR,Delivery Challan,,GTR,,Imported from STOCK 2026
TX-0001265,1/11/2024,OUT,P-000226,DL-0051,-6.0,SERVICE LONG MARCH,Delivery Challan,,SERVICE LONG MARCH,,Imported from STOCK 2026
TX-0001266,,OUT,P-000237,AC-N8500,-3.0,make it double,Delivery Challan,,make it double,,Imported from STOCK 2026
TX-0001267,04-200,OUT,P-000240,AC-8500,-1.0,SOORTY,Delivery Challan,,SOORTY,,Imported from STOCK 2026
TX-0001268,5/1/2023,OUT,P-000241,AC-N8520,-1.0,IPAK,Delivery Challan,,IPAK,,Imported from STOCK 2026
TX-0001269,Apr-24,OUT,P-000275,HZRS08G,-8.0,INDIGO,Delivery Challan,,INDIGO,,Imported from STOCK 2026
TX-0001270,06/Jun/22,OUT,P-000284,HZE0R08GM,-10.0,INDIGO,Delivery Challan,,INDIGO,,Imported from STOCK 2026
TX-0001271,6/10/2023,OUT,P-000299,HZE2Z501,-2.0,AFM,Delivery Challan,,AFM,,Imported from STOCK 2026
TX-0001272,01/May/21,OUT,P-000345,HZE0B08GM,-1.0,otc,Delivery Challan,,otc,,Imported from STOCK 2026
TX-0001273,JUNE+23-7-22,OUT,P-000350,HZE1D15GM,-2.0,MACPAC,Delivery Challan,,MACPAC,,Imported from STOCK 2026
TX-0001274,Nov-22,OUT,P-000388,M1000250040M,-1.0,GTR,Delivery Challan,,GTR,,Imported from STOCK 2026
TX-0001275,27/4/24,OUT,P-000473,RP2000250015,-3.0,SYSCOM,Delivery Challan,,SYSCOM,,Imported from STOCK 2026
TX-0001276,20/11/21,OUT,P-000495,SY5140-5YO-Q,-6.0,SOORTY,Delivery Challan,,SOORTY,,Imported from STOCK 2026
TX-0001277,25/4/2019,OUT,P-000527,KG01080/D,-2.0,GTR,Delivery Challan,,GTR,,Imported from STOCK 2026
TX-0001278,25/6/2025,OUT,P-000556,HA040618,-18.0,INDIGO,Delivery Challan,,INDIGO,,Imported from STOCK 2026
TX-0001279,05/May/25,OUT,P-000557,HA040614,-18.0,INDIGO,Delivery Challan,,INDIGO,,Imported from STOCK 2026
TX-0001280,05/May/25,OUT,P-000563,HA040818,-18.0,INDIGO,Delivery Challan,,INDIGO,,Imported from STOCK 2026
TX-0001281,31/12/24,OUT,P-000586,HA190600,-18.0,INDIGO,Delivery Challan,,INDIGO,,Imported from STOCK 2026
TX-0001282,31/10/24,OUT,P-000588,HA190800,-24.0,INDIGO,Delivery Challan,,INDIGO,,Imported from STOCK 2026
TX-0001283,29/1/2025,OUT,P-000591,HA191000,-18.0,INDIGO,Delivery Challan,,INDIGO,,Imported from STOCK 2026
TX-0001284,20/6/25,OUT,P-000592,HA191008,-18.0,INDIGO,Delivery Challan,,INDIGO,,Imported from STOCK 2026
TX-0001285,21/2/2025,OUT,P-000605,HA210800,-12.0,MIETIER,Delivery Challan,,MIETIER,,Imported from STOCK 2026
TX-0001286,25/6/2025,OUT,P-000617,HA230606,-12.0,Metier,Delivery Challan,,Metier,,Imported from STOCK 2026
TX-0001287,04/Jan/25,OUT,P-000624,HA270618,-12.0,INDIGO,Delivery Challan,,INDIGO,,Imported from STOCK 2026
TX-0001288,27-May,OUT,P-000625,HA270614,-18.0,INDIGO,Delivery Challan,,INDIGO,,Imported from STOCK 2026
TX-0001289,13/Feb/25,OUT,P-000629,HA270814,-24.0,INDIGO,Delivery Challan,,INDIGO,,Imported from STOCK 2026
TX-0001290,12/2/2025,OUT,P-000630,HA270818,-24.0,SOORTY,Delivery Challan,,SOORTY,,Imported from STOCK 2026
TX-0001291,13/2/2025,OUT,P-000634,HA271014,-24.0,INDIGO,Delivery Challan,,INDIGO,,Imported from STOCK 2026
TX-0001292,16/10/2024,OUT,P-000003,AA-0184,-3.0,Ehtisham brother sup,Delivery Challan,,Ehtisham brother sup,,Imported from STOCK 2026
TX-0001293,26/1/24,OUT,P-000036,AF-2530,-6.0,CONVERT AF-2530 INTO AG-3081 BY ADD HARD SPRING TO AUTOMATION TECHNOLOGY,Delivery Challan,,CONVERT AF-2530 INTO AG-3081 BY ADD HARD SPRING TO AUTOMATION TECHNOLOGY,,Imported from STOCK 2026
TX-0001294,8/1/2022,OUT,P-000062,AF-2510,-2.0,GTR,Delivery Challan,,GTR,,Imported from STOCK 2026
TX-0001295,Nov-23,OUT,P-000140,`,-3.0,NEXTREMETECH,Delivery Challan,,NEXTREMETECH,,Imported from STOCK 2026
TX-0001296,11/3/2025,OUT,P-000161,CM-9602A,-1.0,SOORRTY,Delivery Challan,,SOORRTY,,Imported from STOCK 2026
TX-0001297,18/7/2024,OUT,P-000176,EL22F250,-3.0,AFM,Delivery Challan,,AFM,,Imported from STOCK 2026
TX-0001298,MISC,OUT,P-000211,DA-0124,-25.0,MISC,Delivery Challan,,MISC,,Imported from STOCK 2026
TX-0001299,,OUT,P-000213,DA-0051,-5.0,MISC,Delivery Challan,,MISC,,Imported from STOCK 2026
TX-0001300,,OUT,P-000218,DA-0108,-8.0,MISC,Delivery Challan,,MISC,,Imported from STOCK 2026
TX-0001301,11/6/2022,OUT,P-000221,DB-0502,-2.0,WASI,Delivery Challan,,WASI,,Imported from STOCK 2026
TX-0001302,22/11/2024,OUT,P-000226,DL-0051,-1.0,TRIPACK,Delivery Challan,,TRIPACK,,Imported from STOCK 2026
TX-0001303,25/Feb/21,OUT,P-000237,AC-N8500,-1.0,ALI BROTHER,Delivery Challan,,ALI BROTHER,,Imported from STOCK 2026
TX-0001304,7/6/2022,OUT,P-000240,AC-8500,-3.0,SOORTY,Delivery Challan,,SOORTY,,Imported from STOCK 2026
TX-0001305,23/8/2023,OUT,P-000241,AC-N8520,-2.0,TRIPACK,Delivery Challan,,TRIPACK,,Imported from STOCK 2026
TX-0001306,12/Jan/23,OUT,P-000284,HZE0R08GM,-8.0,AFM,Delivery Challan,,AFM,,Imported from STOCK 2026
TX-0001307,18/7/2024,OUT,P-000299,HZE2Z501,-1.0,AFM,Delivery Challan,,AFM,,Imported from STOCK 2026
TX-0001308,17/2/2022,OUT,P-000345,HZE0B08GM,-5.0,MACPAC,Delivery Challan,,MACPAC,,Imported from STOCK 2026
TX-0001309,13/Jun/23,OUT,P-000350,HZE1D15GM,-2.0,AFM,Delivery Challan,,AFM,,Imported from STOCK 2026
TX-0001310,28/12/2022,OUT,P-000388,M1000250040M,-1.0,GTR,Delivery Challan,,GTR,,Imported from STOCK 2026
TX-0001311,17/3/25,OUT,P-000473,RP2000250015,-8.0,SYSCOM,Delivery Challan,,SYSCOM,,Imported from STOCK 2026
TX-0001312,15/2/2022,OUT,P-000495,SY5140-5YO-Q,-6.0,SOORTY,Delivery Challan,,SOORTY,,Imported from STOCK 2026
TX-0001313,13/4/2022,OUT,P-000527,KG01080/D,-5.0,AUTOMATION TECHNOLOGY PERVEZ,Delivery Challan,,AUTOMATION TECHNOLOGY PERVEZ,,Imported from STOCK 2026
TX-0001314,25/6/2025,OUT,P-000556,HA040618,-12.0,METIER,Delivery Challan,,METIER,,Imported from STOCK 2026
TX-0001315,25/6/2025,OUT,P-000557,HA040614,-12.0,METIER,Delivery Challan,,METIER,,Imported from STOCK 2026
TX-0001316,24-Mar,OUT,P-000562,HA040814,-36.0,AMPQ,Delivery Challan,,AMPQ,,Imported from STOCK 2026
TX-0001317,24-Mar,OUT,P-000586,HA190600,-12.0,AMPQ,Delivery Challan,,AMPQ,,Imported from STOCK 2026
TX-0001318,21/11/24,OUT,P-000588,HA190800,-10.0,service long march,Delivery Challan,,service long march,,Imported from STOCK 2026
TX-0001319,24-Mar,OUT,P-000591,HA191000,-12.0,AMPQ,Delivery Challan,,AMPQ,,Imported from STOCK 2026
TX-0001320,21/2/2025,OUT,P-000605,HA210800,-12.0,MIETIER,Delivery Challan,,MIETIER,,Imported from STOCK 2026
TX-0001321,14/Jan/25,OUT,P-000624,HA270618,-12.0,indigo,Delivery Challan,,indigo,,Imported from STOCK 2026
TX-0001322,20/Feb/25,OUT,P-000629,HA270814,-24.0,METIER,Delivery Challan,,METIER,,Imported from STOCK 2026
TX-0001323,13/Feb/25,OUT,P-000630,HA270818,-24.0,INDIGO,Delivery Challan,,INDIGO,,Imported from STOCK 2026
TX-0001324,27-Feb,OUT,P-000634,HA271014,-18.0,INDIGO,Delivery Challan,,INDIGO,,Imported from STOCK 2026
TX-0001325,22/Apr/25,OUT,P-000030,AG-3051 AG-3050,-2.0,ALI ENTERPRIZE,Delivery Challan,,ALI ENTERPRIZE,,Imported from STOCK 2026
TX-0001326,6/Jun/22,OUT,P-000062,AF-2510,-1.0,SOORTY,Delivery Challan,,SOORTY,,Imported from STOCK 2026
TX-0001327,28/Apr/25,OUT,P-000161,CM-9602A,-3.0,GATRON,Delivery Challan,,GATRON,,Imported from STOCK 2026
TX-0001328,01/11/2024,OUT,P-000176,EL22F250,-4.0,SERVICE LONG MARCH,Delivery Challan,,SERVICE LONG MARCH,,Imported from STOCK 2026
TX-0001329,11/Jan/24,OUT,P-000211,DA-0124,-1.0,PCL,Delivery Challan,,PCL,,Imported from STOCK 2026
TX-0001330,23/Jun/20,OUT,P-000213,DA-0051,-6.0,cherat pack,Delivery Challan,,cherat pack,,Imported from STOCK 2026
TX-0001331,16/Oct/24,OUT,P-000218,DA-0108,-3.0,EHTISHAM BROTHER,Delivery Challan,,EHTISHAM BROTHER,,Imported from STOCK 2026
TX-0001332,14/12/21,OUT,P-000221,DB-0502,-1.0,waqar supplier DB-0502,Delivery Challan,,waqar supplier DB-0502,,Imported from STOCK 2026
TX-0001333,28/Jan/25,OUT,P-000226,DL-0051,-1.0,AMP,Delivery Challan,,AMP,,Imported from STOCK 2026
TX-0001334,30/Jul/22,OUT,P-000237,AC-N8500,-1.0,UNIVERSAL AUTOMATION,Delivery Challan,,UNIVERSAL AUTOMATION,,Imported from STOCK 2026
TX-0001335,23/Jun/22,OUT,P-000240,AC-8500,-2.0,UNIVERSAL AUTOMATION,Delivery Challan,,UNIVERSAL AUTOMATION,,Imported from STOCK 2026
TX-0001336,27/10/2023,OUT,P-000241,AC-N8520,-1.0,PCL,Delivery Challan,,PCL,,Imported from STOCK 2026
TX-0001337,8/Apr/24,OUT,P-000284,HZE0R08GM,-4.0,INDIGO,Delivery Challan,,INDIGO,,Imported from STOCK 2026
TX-0001338,2/Aug/22,OUT,P-000345,HZE0B08GM,-4.0,Soorty,Delivery Challan,,Soorty,,Imported from STOCK 2026
TX-0001339,2/Aug/22,OUT,P-000346,HZE0L08GM,-4.0,Soorty,Delivery Challan,,Soorty,,Imported from STOCK 2026
TX-0001340,06/Oct/23,OUT,P-000350,HZE1D15GM,-3.0,AFM,Delivery Challan,,AFM,,Imported from STOCK 2026
TX-0001341,6/Oct/23,OUT,P-000357,HZE2D15GM,-1.0,,Delivery Challan,,,,Imported from STOCK 2026
TX-0001342,23/Dec/23,OUT,P-000388,M1000250040M,-2.0,GTR,Delivery Challan,,GTR,,Imported from STOCK 2026
TX-0001343,7/Sep/22,OUT,P-000495,SY5140-5YO-Q,-6.0,SOORTY,Delivery Challan,,SOORTY,,Imported from STOCK 2026
TX-0001344,30/Jan/23,OUT,P-000527,KG01080/D,-2.0,GTR,Delivery Challan,,GTR,,Imported from STOCK 2026
TX-0001345,29/3/2025,OUT,P-000562,HA040814,-50.0,AMPQ,Delivery Challan,,AMPQ,,Imported from STOCK 2026
TX-0001346,27/May/25,OUT,P-000586,HA190600,-24.0,INDIGO,Delivery Challan,,INDIGO,,Imported from STOCK 2026
TX-0001347,6/Dec/24,OUT,P-000588,HA190800,-24.0,INDIGO,Delivery Challan,,INDIGO,,Imported from STOCK 2026
TX-0001348,25/Jun/25,OUT,P-000591,HA191000,-18.0,INDIGO,Delivery Challan,,INDIGO,,Imported from STOCK 2026
TX-0001349,28/Apr/25,OUT,P-000605,HA210800,-12.0,AMPQ,Delivery Challan,,AMPQ,,Imported from STOCK 2026
TX-0001350,13/Jan/25,OUT,P-000624,HA270618,-12.0,SERVICE LONG MARCH,Delivery Challan,,SERVICE LONG MARCH,,Imported from STOCK 2026
TX-0001351,24/Mar/25,OUT,P-000629,HA270814,-12.0,AMPQ,Delivery Challan,,AMPQ,,Imported from STOCK 2026
TX-0001352,21/2/2025,OUT,P-000630,HA270818,-12.0,METIER,Delivery Challan,,METIER,,Imported from STOCK 2026
TX-0001353,24/Mar/25,OUT,P-000634,HA271014,-12.0,AMPQ,Delivery Challan,,AMPQ,,Imported from STOCK 2026
TX-0001354,29/Jun/22,OUT,P-000062,AF-2510,-3.0,SOORTY,Delivery Challan,,SOORTY,,Imported from STOCK 2026
TX-0001355,22/11/2024,OUT,P-000176,EL22F250,-1.0,TRIPACK,Delivery Challan,,TRIPACK,,Imported from STOCK 2026
TX-0001356,20/Oct/20,OUT,P-000213,DA-0051,-1.0,ADM,Delivery Challan,,ADM,,Imported from STOCK 2026
TX-0001357,,OUT,P-000218,DA-0108,-2.0,,Delivery Challan,,,,Imported from STOCK 2026
TX-0001358,31/Oct/23,OUT,P-000221,DB-0502,-11.0,misc,Delivery Challan,,misc,,Imported from STOCK 2026
TX-0001359,13/Feb/25,OUT,P-000226,DL-0051,-4.0,DAWLANCE,Delivery Challan,,DAWLANCE,,Imported from STOCK 2026
TX-0001360,30-11-22,OUT,P-000237,AC-N8500,-1.0,UNIVERSAL AUTOMATION,Delivery Challan,,UNIVERSAL AUTOMATION,,Imported from STOCK 2026
TX-0001361,30-11-22,OUT,P-000240,AC-8500,-1.0,UNIVERSAL AUTOMATION,Delivery Challan,,UNIVERSAL AUTOMATION,,Imported from STOCK 2026
TX-0001362,23/Feb/24,OUT,P-000241,AC-N8520,-2.0,TRIPACK,Delivery Challan,,TRIPACK,,Imported from STOCK 2026
TX-0001363,15/Aug/24,OUT,P-000284,HZE0R08GM,-6.0,AMPQ,Delivery Challan,,AMPQ,,Imported from STOCK 2026
TX-0001364,1/Jun/22,OUT,P-000345,HZE0B08GM,-2.0,indigo,Delivery Challan,,indigo,,Imported from STOCK 2026
TX-0001365,22/Dec/23,OUT,P-000350,HZE1D15GM,-4.0,AFM,Delivery Challan,,AFM,,Imported from STOCK 2026
TX-0001366,9/Jan/23,OUT,P-000388,M1000250040M,-1.0,GTR,Delivery Challan,,GTR,,Imported from STOCK 2026
TX-0001367,12/Jan/23,OUT,P-000495,SY5140-5YO-Q,-10.0,SOORTY,Delivery Challan,,SOORTY,,Imported from STOCK 2026
TX-0001368,23/Feb/24,OUT,P-000527,KG01080/D,-2.0,GTR,Delivery Challan,,GTR,,Imported from STOCK 2026
TX-0001369,8/Apr/25,OUT,P-000562,HA040814,-50.0,AMPQ,Delivery Challan,,AMPQ,,Imported from STOCK 2026
TX-0001370,20/Jun/25,OUT,P-000586,HA190600,-18.0,INDIGO,Delivery Challan,,INDIGO,,Imported from STOCK 2026
TX-0001371,29/Jan/25,OUT,P-000588,HA190800,-18.0,INDIGO,Delivery Challan,,INDIGO,,Imported from STOCK 2026
TX-0001372,14/Jun/25,OUT,P-000605,HA210800,-18.0,INDIGO,Delivery Challan,,INDIGO,,Imported from STOCK 2026
TX-0001373,28/1/2025,OUT,P-000624,HA270618,-50.0,TRIPACK,Delivery Challan,,TRIPACK,,Imported from STOCK 2026
TX-0001374,21/May/25,OUT,P-000629,HA270814,-18.0,INDIGO,Delivery Challan,,INDIGO,,Imported from STOCK 2026
TX-0001375,11/Apr/25,OUT,P-000630,HA270818,-24.0,SOORTY,Delivery Challan,,SOORTY,,Imported from STOCK 2026
TX-0001376,24/Apr/25,OUT,P-000634,HA271014,-102.0,AMPQ,Delivery Challan,,AMPQ,,Imported from STOCK 2026
TX-0001377,19/Apr/23,OUT,P-000062,AF-2510,-2.0,WASI BHAI,Delivery Challan,,WASI BHAI,,Imported from STOCK 2026
TX-0001378,27/11/2024,OUT,P-000176,EL22F250,-2.0,AMPQ,Delivery Challan,,AMPQ,,Imported from STOCK 2026
TX-0001379,12-10-20+ 22-10-20,OUT,P-000213,DA-0051,-2.0,BALUCHISTAN WHEEL,Delivery Challan,,BALUCHISTAN WHEEL,,Imported from STOCK 2026
TX-0001380,23/Dec/24,OUT,P-000221,DB-0502,-6.0,SOORTY,Delivery Challan,,SOORTY,,Imported from STOCK 2026
TX-0001381,11/Jan/24,OUT,P-000237,AC-N8500,-1.0,PAKSITAN CABLE,Delivery Challan,,PAKSITAN CABLE,,Imported from STOCK 2026
TX-0001382,27/Oct/23,OUT,P-000240,AC-8500,-2.0,PCL,Delivery Challan,,PCL,,Imported from STOCK 2026
TX-0001383,3/Apr/24,OUT,P-000241,AC-N8520,-3.0,TRIPACK,Delivery Challan,,TRIPACK,,Imported from STOCK 2026
TX-0001384,18/Dec/24,OUT,P-000284,HZE0R08GM,-4.0,AFM,Delivery Challan,,AFM,,Imported from STOCK 2026
TX-0001385,,OUT,P-000345,HZE0B08GM,-2.0,soorty,Delivery Challan,,soorty,,Imported from STOCK 2026
TX-0001386,22/Dec/23,OUT,P-000350,HZE1D15GM,-2.0,AFM,Delivery Challan,,AFM,,Imported from STOCK 2026
TX-0001387,5/Jun/24,OUT,P-000388,M1000250040M,-1.0,GTR,Delivery Challan,,GTR,,Imported from STOCK 2026
TX-0001388,5/Jun/23,OUT,P-000495,SY5140-5YO-Q,-6.0,SOORTY,Delivery Challan,,SOORTY,,Imported from STOCK 2026
TX-0001389,30/Jan/25,OUT,P-000527,KG01080/D,-1.0,RAJBY,Delivery Challan,,RAJBY,,Imported from STOCK 2026
TX-0001390,5/May/25,OUT,P-000562,HA040814,-18.0,INDIGO,Delivery Challan,,INDIGO,,Imported from STOCK 2026
TX-0001391,25/Jun/25,OUT,P-000586,HA190600,-24.0,METIER,Delivery Challan,,METIER,,Imported from STOCK 2026
TX-0001392,27/Feb/25,OUT,P-000588,HA190800,-18.0,INDIGO,Delivery Challan,,INDIGO,,Imported from STOCK 2026
TX-0001393,12/2/2025,OUT,P-000624,HA270618,-24.0,SOORTY,Delivery Challan,,SOORTY,,Imported from STOCK 2026
TX-0001394,9/Oct/23,OUT,P-000062,AF-2510,-1.0,ATIF ALAM,Delivery Challan,,ATIF ALAM,,Imported from STOCK 2026
TX-0001395,01/02/2025,OUT,P-000176,EL22F250,-1.0,AMPQ,Delivery Challan,,AMPQ,,Imported from STOCK 2026
TX-0001396,4/Nov/20,OUT,P-000213,DA-0051,-3.0,WASI BHAI,Delivery Challan,,WASI BHAI,,Imported from STOCK 2026
TX-0001397,12/Sep/24,OUT,P-000221,DB-0502,-1.0,wasi,Delivery Challan,,wasi,,Imported from STOCK 2026
TX-0001398,17/Mar/25,OUT,P-000237,AC-N8500,-2.0,TRIPACK,Delivery Challan,,TRIPACK,,Imported from STOCK 2026
TX-0001399,8/Jan/24,OUT,P-000240,AC-8500,-4.0,LUCKY CORE,Delivery Challan,,LUCKY CORE,,Imported from STOCK 2026
TX-0001400,22/Apr/24,OUT,P-000350,HZE1D15GM,-1.0,AFM,Delivery Challan,,AFM,,Imported from STOCK 2026
TX-0001401,18/Mar/25,OUT,P-000388,M1000250040M,-2.0,GTR,Delivery Challan,,GTR,,Imported from STOCK 2026
TX-0001402,,OUT,P-000495,SY5140-5YO-Q,-6.0,,Delivery Challan,,,,Imported from STOCK 2026
TX-0001403,21/May/25,OUT,P-000562,HA040814,-18.0,INDIGO,Delivery Challan,,INDIGO,,Imported from STOCK 2026
TX-0001404,24/Mar/25,OUT,P-000588,HA190800,-12.0,AMPQ,Delivery Challan,,AMPQ,,Imported from STOCK 2026
TX-0001405,21/2/2025,OUT,P-000624,HA270618,-10.0,METIER,Delivery Challan,,METIER,,Imported from STOCK 2026
TX-0001406,6/Dec/23,OUT,P-000062,AF-2510,-1.0,RAJBY,Delivery Challan,,RAJBY,,Imported from STOCK 2026
TX-0001407,6/Dec/23,OUT,P-000063,AF-2524,-1.0,RAJBY,Delivery Challan,,RAJBY,,Imported from STOCK 2026
TX-0001408,14/Feb/25,OUT,P-000176,EL22F250,-4.0,DAWLANCE,Delivery Challan,,DAWLANCE,,Imported from STOCK 2026
TX-0001409,26/Mar/21,OUT,P-000213,DA-0051,-6.0,tripack,Delivery Challan,,tripack,,Imported from STOCK 2026
TX-0001410,7/Nov/24,OUT,P-000221,DB-0502,-3.0,akhtar bhai,Delivery Challan,,akhtar bhai,,Imported from STOCK 2026
TX-0001411,24/Mar/25,OUT,P-000237,AC-N8500,-2.0,TRIPACK,Delivery Challan,,TRIPACK,,Imported from STOCK 2026
TX-0001412,21/Feb/24,OUT,P-000240,AC-8500,-2.0,RAJBY CONVERT AC-8740,Delivery Challan,,RAJBY CONVERT AC-8740,,Imported from STOCK 2026
TX-0001413,1/Mar/25,OUT,P-000284,HZE0R08GM,-12.0,AFM,Delivery Challan,,AFM,,Imported from STOCK 2026
TX-0001414,9/May/24,OUT,P-000350,HZE1D15GM,-1.0,AFM,Delivery Challan,,AFM,,Imported from STOCK 2026
TX-0001415,15/Dec/24,OUT,P-000495,SY5140-5YO-Q,-9.0,SOORTY,Delivery Challan,,SOORTY,,Imported from STOCK 2026
TX-0001416,14/Jun/25,OUT,P-000562,HA040814,-18.0,INDIGO,Delivery Challan,,INDIGO,,Imported from STOCK 2026
TX-0001417,5/May/25,OUT,P-000588,HA190800,-18.0,INDIGO,Delivery Challan,,INDIGO,,Imported from STOCK 2026
TX-0001418,22/Apr/25,OUT,P-000624,HA270618,-12.0,METIER,Delivery Challan,,METIER,,Imported from STOCK 2026
TX-0001419,22/Apr/25,OUT,P-000062,AF-2510,-4.0,RAJBY,Delivery Challan,,RAJBY,,Imported from STOCK 2026
TX-0001420,11/Mar/25,OUT,P-000176,EL22F250,-1.0,soorty,Delivery Challan,,soorty,,Imported from STOCK 2026
TX-0001421,26/Apr/21,OUT,P-000213,DA-0051,-2.0,ADM,Delivery Challan,,ADM,,Imported from STOCK 2026
TX-0001422,3/Dec/24,OUT,P-000240,AC-8500,-2.0,PAKSTAN CABLE,Delivery Challan,,PAKSTAN CABLE,,Imported from STOCK 2026
TX-0001423,18/Mar/25,OUT,P-000284,HZE0R08GM,-1.0,AFM,Delivery Challan,,AFM,,Imported from STOCK 2026
TX-0001424,6/Aug/24,OUT,P-000350,HZE1D15GM,-1.0,LUCKY,Delivery Challan,,LUCKY,,Imported from STOCK 2026
TX-0001425,17/Jan/25,OUT,P-000495,SY5140-5YO-Q,-3.0,SOORTY,Delivery Challan,,SOORTY,,Imported from STOCK 2026
TX-0001426,25/Jun/25,OUT,P-000562,HA040814,-12.0,METIER,Delivery Challan,,METIER,,Imported from STOCK 2026
TX-0001427,20/Jun/25,OUT,P-000588,HA190800,-18.0,INDIGO,Delivery Challan,,INDIGO,,Imported from STOCK 2026
TX-0001428,24/Apr/25,OUT,P-000624,HA270618,-34.0,AMPQ,Delivery Challan,,AMPQ,,Imported from STOCK 2026
TX-0001429,23/Apr/25,OUT,P-000062,AF-2510,-4.0,RAJBY,Delivery Challan,,RAJBY,,Imported from STOCK 2026
TX-0001430,7/Mar/25,OUT,P-000176,EL22F250,-3.0,AMPQ,Delivery Challan,,AMPQ,,Imported from STOCK 2026
TX-0001431,21/May/21,OUT,P-000213,DA-0051,-6.0,LUCKY,Delivery Challan,,LUCKY,,Imported from STOCK 2026
TX-0001432,,OUT,P-000240,AC-8500,-2.0,rajby,Delivery Challan,,rajby,,Imported from STOCK 2026
TX-0001433,5/Dec/24,OUT,P-000284,HZE0R08GM,-4.0,AFM,Delivery Challan,,AFM,,Imported from STOCK 2026
TX-0001434,18/Jul/24,OUT,P-000350,HZE1D15GM,-1.0,AFM,Delivery Challan,,AFM,,Imported from STOCK 2026
TX-0001435,25/Jun/25,OUT,P-000588,HA190800,-18.0,INDIGO,Delivery Challan,,INDIGO,,Imported from STOCK 2026
TX-0001436,21/May/25,OUT,P-000624,HA270618,-18.0,INDIGO,Delivery Challan,,INDIGO,,Imported from STOCK 2026
TX-0001437,23/5/2025,OUT,P-000062,AF-2510,-6.0,SOORTY,Delivery Challan,,SOORTY,,Imported from STOCK 2026
TX-0001438,21/Jun/25,OUT,P-000176,EL22F250,-2.0,service long march,Delivery Challan,,service long march,,Imported from STOCK 2026
TX-0001439,,OUT,P-000213,DA-0051,-14.0,MISC,Delivery Challan,,MISC,,Imported from STOCK 2026
TX-0001440,7/Mar/25,OUT,P-000240,AC-8500,-2.0,PAKISTAN CABLE,Delivery Challan,,PAKISTAN CABLE,,Imported from STOCK 2026
TX-0001441,18/Mar/25,OUT,P-000284,HZE0R08GM,-4.0,AMPQ,Delivery Challan,,AMPQ,,Imported from STOCK 2026
TX-0001442,29/May/25,OUT,P-000350,HZE1D15GM,-2.0,AMPQ,Delivery Challan,,AMPQ,,Imported from STOCK 2026
TX-0001443,25/Jun/25,OUT,P-000588,HA190800,-12.0,METIER,Delivery Challan,,METIER,,Imported from STOCK 2026
TX-0001444,June,OUT,P-000213,DA-0051,-12.0,otc,Delivery Challan,,otc,,Imported from STOCK 2026
TX-0001445,22/Apr/25,OUT,P-000240,AC-8500,-2.0,RAJBY,Delivery Challan,,RAJBY,,Imported from STOCK 2026
TX-0001446,18/3/2025,OUT,P-000284,HZE0R08GM,-12.0,AFM,Delivery Challan,,AFM,,Imported from STOCK 2026
TX-0001447,13-Aug,OUT,P-000213,DA-0051,-6.0,otc,Delivery Challan,,otc,,Imported from STOCK 2026
TX-0001448,14/4/2025,OUT,P-000284,HZE0R08GM,-5.0,SERVICE LOING MARCH,Delivery Challan,,SERVICE LOING MARCH,,Imported from STOCK 2026
TX-0001449,30/11/2021,OUT,P-000213,DA-0051,-1.0,ADNAN PCL,Delivery Challan,,ADNAN PCL,,Imported from STOCK 2026
TX-0001450,14/4/2025,OUT,P-000284,HZE0R08GM,-12.0,URIL DAWLANCE,Delivery Challan,,URIL DAWLANCE,,Imported from STOCK 2026
TX-0001451,11/12/2021,OUT,P-000213,DA-0051,-4.0,MACPAC,Delivery Challan,,MACPAC,,Imported from STOCK 2026
TX-0001452,15/4/2025,OUT,P-000284,HZE0R08GM,-6.0,AMPQ,Delivery Challan,,AMPQ,,Imported from STOCK 2026
TX-0001453,11/12/2021,OUT,P-000213,DA-0051,-2.0,SOORTY,Delivery Challan,,SOORTY,,Imported from STOCK 2026
TX-0001454,30/5/2025,OUT,P-000284,HZE0R08GM,-4.0,INDIGO,Delivery Challan,,INDIGO,,Imported from STOCK 2026
TX-0001455,30/Oct/22,OUT,P-000213,DA-0051,-2.0,SOORTY,Delivery Challan,,SOORTY,,Imported from STOCK 2026
